Using pre-set license
Built from '2022.3/respin/2022.3.62f2-4af31df585-v2' branch; Version is '2022.3.62f3 (96770f904ca7) revision 9860879'; Using compiler version '192829333'; Build Type 'Release'
OS: 'Windows 11  (10.0.26200) 64bit Professional' Language: 'tr' Physical Memory: 16004 MB
BatchMode: 1, IsHumanControllingUs: 0, StartBugReporterOnCrash: 0, Is64bit: 1, IsPro: 1

COMMAND LINE ARGUMENTS:
C:\Program Files\Unity\Hub\Editor\2022.3.62f3\Editor\Unity.exe
-adb2
-batchMode
-noUpm
-name
AssetImportWorker3
-projectPath
C:/git kraken/Fish-Restaurant-Farming-Simulator1/fish_restorant
-logFile
Logs/AssetImportWorker3.log
-srvPort
56343
Successfully changed project path to: C:/git kraken/Fish-Restaurant-Farming-Simulator1/fish_restorant
C:/git kraken/Fish-Restaurant-Farming-Simulator1/fish_restorant
[UnityMemory] Configuration Parameters - Can be set up in boot.config
    "memorysetup-bucket-allocator-granularity=16"
    "memorysetup-bucket-allocator-bucket-count=8"
    "memorysetup-bucket-allocator-block-size=33554432"
    "memorysetup-bucket-allocator-block-count=8"
    "memorysetup-main-allocator-block-size=16777216"
    "memorysetup-thread-allocator-block-size=16777216"
    "memorysetup-gfx-main-allocator-block-size=16777216"
    "memorysetup-gfx-thread-allocator-block-size=16777216"
    "memorysetup-cache-allocator-block-size=4194304"
    "memorysetup-typetree-allocator-block-size=2097152"
    "memorysetup-profiler-bucket-allocator-granularity=16"
    "memorysetup-profiler-bucket-allocator-bucket-count=8"
    "memorysetup-profiler-bucket-allocator-block-size=33554432"
    "memorysetup-profiler-bucket-allocator-block-count=8"
    "memorysetup-profiler-allocator-block-size=16777216"
    "memorysetup-profiler-editor-allocator-block-size=1048576"
    "memorysetup-temp-allocator-size-main=16777216"
    "memorysetup-job-temp-allocator-block-size=2097152"
    "memorysetup-job-temp-allocator-block-size-background=1048576"
    "memorysetup-job-temp-allocator-reduction-small-platforms=262144"
    "memorysetup-allocator-temp-initial-block-size-main=262144"
    "memorysetup-allocator-temp-initial-block-size-worker=262144"
    "memorysetup-temp-allocator-size-background-worker=32768"
    "memorysetup-temp-allocator-size-job-worker=262144"
    "memorysetup-temp-allocator-size-preload-manager=33554432"
    "memorysetup-temp-allocator-size-nav-mesh-worker=65536"
    "memorysetup-temp-allocator-size-audio-worker=65536"
    "memorysetup-temp-allocator-size-cloud-worker=32768"
    "memorysetup-temp-allocator-size-gi-baking-worker=262144"
    "memorysetup-temp-allocator-size-gfx=262144"
Player connection [3244]  Target information:

Player connection [3244]  * "[IP] 10.22.60.76 [Port] 0 [Flags] 2 [Guid] 2225017303 [EditorId] 2225017303 [Version] 1048832 [Id] WindowsEditor(7,DESKTOP-HL8IOMB) [Debug] 1 [PackageName] WindowsEditor [ProjectName] Editor" 

Player connection [3244] Host joined multi-casting on [225.0.0.222:54997]...
Player connection [3244] Host joined alternative multi-casting on [225.0.0.222:34997]...
Input System module state changed to: Initialized.
[PhysX] Initialized MultithreadedTaskDispatcher with 16 workers.
Refreshing native plugins compatible for Editor in 3133.95 ms, found 4 plugins.
Preloading 0 native plugins for Editor in 0.00 ms.
Initialize engine version: 2022.3.62f3 (96770f904ca7)
[Subsystems] Discovering subsystems at path C:/Program Files/Unity/Hub/Editor/2022.3.62f3/Editor/Data/Resources/UnitySubsystems
[Subsystems] Discovering subsystems at path C:/git kraken/Fish-Restaurant-Farming-Simulator1/fish_restorant/Assets
GfxDevice: creating device client; threaded=0; jobified=0
Direct3D:
    Version:  Direct3D 11.0 [level 11.1]
    Renderer: NVIDIA GeForce RTX 3050 Laptop GPU (ID=0x25a2)
    Vendor:   NVIDIA
    VRAM:     3962 MB
    Driver:   32.0.16.1692
Initialize mono
Mono path[0] = 'C:/Program Files/Unity/Hub/Editor/2022.3.62f3/Editor/Data/Managed'
Mono path[1] = 'C:/Program Files/Unity/Hub/Editor/2022.3.62f3/Editor/Data/MonoBleedingEdge/lib/mono/unityjit-win32'
Mono config path = 'C:/Program Files/Unity/Hub/Editor/2022.3.62f3/Editor/Data/MonoBleedingEdge/etc'
Using monoOptions --debugger-agent=transport=dt_socket,embedding=1,server=y,suspend=n,address=127.0.0.1:56344
Begin MonoManager ReloadAssembly
Registering precompiled unity dll's ...
Register platform support module: C:/Program Files/Unity/Hub/Editor/2022.3.62f3/Editor/Data/PlaybackEngines/WindowsStandaloneSupport/UnityEditor.WindowsStandalone.Extensions.dll
Register platform support module: C:/Program Files/Unity/Hub/Editor/2022.3.62f3/Editor/Data/PlaybackEngines/MetroSupport/UnityEditor.UWP.Extensions.dll
Registered in 0.014412 seconds.
- Loaded All Assemblies, in  5.719 seconds
Native extension for UWP target not found
Native extension for WindowsStandalone target not found
Mono: successfully reloaded assembly
- Finished resetting the current domain, in  0.242 seconds
Domain Reload Profiling: 5960ms
	BeginReloadAssembly (5451ms)
		ExecutionOrderSort (0ms)
		DisableScriptedObjects (0ms)
		BackupInstance (0ms)
		ReleaseScriptingObjects (0ms)
		CreateAndSetChildDomain (1ms)
	RebuildCommonClasses (28ms)
	RebuildNativeTypeToScriptingClass (7ms)
	initialDomainReloadingComplete (68ms)
	LoadAllAssembliesAndSetupDomain (163ms)
		LoadAssemblies (5477ms)
		RebuildTransferFunctionScriptingTraits (0ms)
		AnalyzeDomain (132ms)
			TypeCache.Refresh (131ms)
				TypeCache.ScanAssembly (120ms)
			ScanForSourceGeneratedMonoScriptInfo (0ms)
			ResolveRequiredComponents (0ms)
	FinalizeReload (242ms)
		ReleaseScriptCaches (0ms)
		RebuildScriptCaches (0ms)
		SetupLoadedEditorAssemblies (204ms)
			LogAssemblyErrors (0ms)
			InitializePlatformSupportModulesInManaged (10ms)
			SetLoadedEditorAssemblies (6ms)
			RefreshPlugins (0ms)
			BeforeProcessingInitializeOnLoad (2ms)
			ProcessInitializeOnLoadAttributes (128ms)
			ProcessInitializeOnLoadMethodAttributes (58ms)
			AfterProcessingInitializeOnLoad (0ms)
			EditorAssembliesLoaded (0ms)
		ExecutionOrderSort2 (0ms)
		AwakeInstancesAfterBackupRestoration (0ms)
========================================================================
Worker process is ready to serve import requests
Caller must complete domain reload
Begin MonoManager ReloadAssembly
- Loaded All Assemblies, in  7.059 seconds
Native extension for UWP target not found
Native extension for WindowsStandalone target not found
Package Manager log level set to [2]
[Package Manager] Server::EnsureServerProcessIsRunning -- launch failed, reason: Unity was launched with the -noUpm command-line argument
[Package Manager] UpmClient::Send -- Unable to send message (not connected to UPM process).
[Package Manager] Cannot connect to Unity Package Manager local server
System.InvalidOperationException: Could not determine the Coplay plugin installation path.
  at Coplay.Services.ApplicationPaths..ctor (System.IO.Abstractions.<bb65ca26-0720-4eb0-b5ec-28e5e773a611>IFileSystem fileSystem, System.String dataPath) [0x001a7] in <2370cefae74842df9eff2bc38df7450a>:0 
  at Coplay.Services.ApplicationPaths..ctor () [0x0000b] in <2370cefae74842df9eff2bc38df7450a>:0 
  at (wrapper managed-to-native) System.Reflection.RuntimeConstructorInfo.InternalInvoke(System.Reflection.RuntimeConstructorInfo,object,object[],System.Exception&)
  at System.Reflection.RuntimeConstructorInfo.InternalInvoke (System.Object obj, System.Object[] parameters, System.Boolean wrapExceptions) [0x0001b] in <1071a2cb0cb3433aae80a793c277a048>:0 
  at System.Reflection.RuntimeConstructorInfo.DoInvoke (System.Object obj, System.Reflection.BindingFlags invokeAttr, System.Reflection.Binder binder, System.Object[] parameters, System.Globalization.CultureInfo culture) [0x00086] in <1071a2cb0cb3433aae80a793c277a048>:0 
  at System.Reflection.RuntimeConstructorInfo.Invoke (System.Reflection.BindingFlags invokeAttr, System.Reflection.Binder binder, System.Object[] parameters, System.Globalization.CultureInfo culture) [0x00000] in <1071a2cb0cb3433aae80a793c277a048>:0 
  at Microsoft.Extensions.DependencyInjection.ServiceLookup.<fd845d3f-5554-448e-8276-c390248dec8b>CallSiteRuntimeResolver.VisitConstructor (Microsoft.Extensions.DependencyInjection.ServiceLookup.<fd845d3f-5554-448e-8276-c390248dec8b>ConstructorCallSite constructorCallSite, Microsoft.Extensions.DependencyInjection.ServiceLookup.<fd845d3f-5554-448e-8276-c390248dec8b>RuntimeResolverContext context) [0x00045] in <2370cefae74842df9eff2bc38df7450a>:0 
  at Microsoft.Extensions.DependencyInjection.ServiceLookup.<fd845d3f-5554-448e-8276-c390248dec8b>CallSiteVisitor`2[TArgument,TResult].VisitCallSiteMain (Microsoft.Extensions.DependencyInjection.ServiceLookup.<fd845d3f-5554-448e-8276-c390248dec8b>ServiceCallSite callSite, TArgument argument) [0x0003f] in <2370cefae74842df9eff2bc38df7450a>:0 
  at Microsoft.Extensions.DependencyInjection.ServiceLookup.<fd845d3f-5554-448e-8276-c390248dec8b>CallSiteRuntimeResolver.VisitRootCache (Microsoft.Extensions.DependencyInjection.ServiceLookup.<fd845d3f-5554-448e-8276-c390248dec8b>ServiceCallSite callSite, Microsoft.Extensions.DependencyInjection.ServiceLookup.<fd845d3f-5554-448e-8276-c390248dec8b>RuntimeResolverContext context) [0x00061] in <2370cefae74842df9eff2bc38df7450a>:0 
  at Microsoft.Extensions.DependencyInjection.ServiceLookup.<fd845d3f-5554-448e-8276-c390248dec8b>CallSiteVisitor`2[TArgument,TResult].VisitCallSite (Microsoft.Extensions.DependencyInjection.ServiceLookup.<fd845d3f-5554-448e-8276-c390248dec8b>ServiceCallSite callSite, TArgument argument) [0x0004f] in <2370cefae74842df9eff2bc38df7450a>:0 
  at Microsoft.Extensions.DependencyInjection.ServiceLookup.<fd845d3f-5554-448e-8276-c390248dec8b>CallSiteRuntimeResolver.Resolve (Microsoft.Extensions.DependencyInjection.ServiceLookup.<fd845d3f-5554-448e-8276-c390248dec8b>ServiceCallSite callSite, Microsoft.Extensions.DependencyInjection.ServiceLookup.<fd845d3f-5554-448e-8276-c390248dec8b>ServiceProviderEngineScope scope) [0x00026] in <2370cefae74842df9eff2bc38df7450a>:0 
  at Microsoft.Extensions.DependencyInjection.<fd845d3f-5554-448e-8276-c390248dec8b>ServiceProvider.CreateServiceAccessor (Microsoft.Extensions.DependencyInjection.ServiceLookup.<fd845d3f-5554-448e-8276-c390248dec8b>ServiceIdentifier serviceIdentifier) [0x00055] in <2370cefae74842df9eff2bc38df7450a>:0 
  at System.Collections.Concurrent.ConcurrentDictionary`2[TKey,TValue].GetOrAdd (TKey key, System.Func`2[T,TResult] valueFactory) [0x00034] in <1071a2cb0cb3433aae80a793c277a048>:0 
  at Microsoft.Extensions.DependencyInjection.<fd845d3f-5554-448e-8276-c390248dec8b>ServiceProvider.GetService (Microsoft.Extensions.DependencyInjection.ServiceLookup.<fd845d3f-5554-448e-8276-c390248dec8b>ServiceIdentifier serviceIdentifier, Microsoft.Extensions.DependencyInjection.ServiceLookup.<fd845d3f-5554-448e-8276-c390248dec8b>ServiceProviderEngineScope serviceProviderEngineScope) [0x0000d] in <2370cefae74842df9eff2bc38df7450a>:0 
  at Microsoft.Extensions.DependencyInjection.ServiceLookup.<fd845d3f-5554-448e-8276-c390248dec8b>ServiceProviderEngineScope.GetService (System.Type serviceType) [0x00019] in <2370cefae74842df9eff2bc38df7450a>:0 
  at Microsoft.Extensions.DependencyInjection.<03239ec6-c58a-4857-9007-88b5ce2571b7>ServiceProviderServiceExtensions.GetRequiredService (System.IServiceProvider provider, System.Type serviceType) [0x00028] in <2370cefae74842df9eff2bc38df7450a>:0 
  at Microsoft.Extensions.DependencyInjection.<03239ec6-c58a-4857-9007-88b5ce2571b7>ServiceProviderServiceExtensions.GetRequiredService[T] (System.IServiceProvider provider) [0x0000b] in <2370cefae74842df9eff2bc38df7450a>:0 
  at Coplay.Common.Logging.CoplayLoggerConfiguration+<>c__DisplayClass0_0.<AddCoplayLogging>b__0 (System.IServiceProvider provider, Serilog.<a4b2d26e-ac3b-4054-9a6c-5e3ce9a96c0b>LoggerConfiguration configuration) [0x00006] in <2370cefae74842df9eff2bc38df7450a>:0 
  at Serilog.<bd0e39ce-cb78-4e01-b06d-080935c10262>SerilogServiceCollectionExtensions+<>c__DisplayClass3_0.<AddSerilog>b__0 (System.IServiceProvider services) [0x00063] in <2370cefae74842df9eff2bc38df7450a>:0 
  at Microsoft.Extensions.DependencyInjection.ServiceLookup.<fd845d3f-5554-448e-8276-c390248dec8b>CallSiteRuntimeResolver.VisitFactory (Microsoft.Extensions.DependencyInjection.ServiceLookup.<fd845d3f-5554-448e-8276-c390248dec8b>FactoryCallSite factoryCallSite, Microsoft.Extensions.DependencyInjection.ServiceLookup.<fd845d3f-5554-448e-8276-c390248dec8b>RuntimeResolverContext context) [0x0000d] in <2370cefae74842df9eff2bc38df7450a>:0 
  at Microsoft.Extensions.DependencyInjection.ServiceLookup.<fd845d3f-5554-448e-8276-c390248dec8b>CallSiteVisitor`2[TArgument,TResult].VisitCallSiteMain (Microsoft.Extensions.DependencyInjection.ServiceLookup.<fd845d3f-5554-448e-8276-c390248dec8b>ServiceCallSite callSite, TArgument argument) [0x00023] in <2370cefae74842df9eff2bc38df7450a>:0 
  at Microsoft.Extensions.DependencyInjection.ServiceLookup.<fd845d3f-5554-448e-8276-c390248dec8b>CallSiteRuntimeResolver.VisitRootCache (Microsoft.Extensions.DependencyInjection.ServiceLookup.<fd845d3f-5554-448e-8276-c390248dec8b>ServiceCallSite callSite, Microsoft.Extensions.DependencyInjection.ServiceLookup.<fd845d3f-5554-448e-8276-c390248dec8b>RuntimeResolverContext context) [0x00061] in <2370cefae74842df9eff2bc38df7450a>:0 
  at Microsoft.Extensions.DependencyInjection.ServiceLookup.<fd845d3f-5554-448e-8276-c390248dec8b>CallSiteVisitor`2[TArgument,TResult].VisitCallSite (Microsoft.Extensions.DependencyInjection.ServiceLookup.<fd845d3f-5554-448e-8276-c390248dec8b>ServiceCallSite callSite, TArgument argument) [0x0004f] in <2370cefae74842df9eff2bc38df7450a>:0 
  at Microsoft.Extensions.DependencyInjection.ServiceLookup.<fd845d3f-5554-448e-8276-c390248dec8b>CallSiteRuntimeResolver.Resolve (Microsoft.Extensions.DependencyInjection.ServiceLookup.<fd845d3f-5554-448e-8276-c390248dec8b>ServiceCallSite callSite, Microsoft.Extensions.DependencyInjection.ServiceLookup.<fd845d3f-5554-448e-8276-c390248dec8b>ServiceProviderEngineScope scope) [0x00026] in <2370cefae74842df9eff2bc38df7450a>:0 
  at Microsoft.Extensions.DependencyInjection.<fd845d3f-5554-448e-8276-c390248dec8b>ServiceProvider.CreateServiceAccessor (Microsoft.Extensions.DependencyInjection.ServiceLookup.<fd845d3f-5554-448e-8276-c390248dec8b>ServiceIdentifier serviceIdentifier) [0x00055] in <2370cefae74842df9eff2bc38df7450a>:0 
  at System.Collections.Concurrent.ConcurrentDictionary`2[TKey,TValue].GetOrAdd (TKey key, System.Func`2[T,TResult] valueFactory) [0x00034] in <1071a2cb0cb3433aae80a793c277a048>:0 
  at Microsoft.Extensions.DependencyInjection.<fd845d3f-5554-448e-8276-c390248dec8b>ServiceProvider.GetService (Microsoft.Extensions.DependencyInjection.ServiceLookup.<fd845d3f-5554-448e-8276-c390248dec8b>ServiceIdentifier serviceIdentifier, Microsoft.Extensions.DependencyInjection.ServiceLookup.<fd845d3f-5554-448e-8276-c390248dec8b>ServiceProviderEngineScope serviceProviderEngineScope) [0x0000d] in <2370cefae74842df9eff2bc38df7450a>:0 
  at Microsoft.Extensions.DependencyInjection.ServiceLookup.<fd845d3f-5554-448e-8276-c390248dec8b>ServiceProviderEngineScope.GetService (System.Type serviceType) [0x00019] in <2370cefae74842df9eff2bc38df7450a>:0 
  at Microsoft.Extensions.DependencyInjection.<03239ec6-c58a-4857-9007-88b5ce2571b7>ServiceProviderServiceExtensions.GetRequiredService (System.IServiceProvider provider, System.Type serviceType) [0x00028] in <2370cefae74842df9eff2bc38df7450a>:0 
  at Microsoft.Extensions.DependencyInjection.<03239ec6-c58a-4857-9007-88b5ce2571b7>ServiceProviderServiceExtensions.GetRequiredService[T] (System.IServiceProvider provider) [0x0000b] in <2370cefae74842df9eff2bc38df7450a>:0 
  at Serilog.<bd0e39ce-cb78-4e01-b06d-080935c10262>SerilogServiceCollectionExtensions+<>c__DisplayClass3_0.<AddSerilog>b__2 (System.IServiceProvider services) [0x00000] in <2370cefae74842df9eff2bc38df7450a>:0 
  at Microsoft.Extensions.DependencyInjection.ServiceLookup.<fd845d3f-5554-448e-8276-c390248dec8b>CallSiteRuntimeResolver.VisitFactory (Microsoft.Extensions.DependencyInjection.ServiceLookup.<fd845d3f-5554-448e-8276-c390248dec8b>FactoryCallSite factoryCallSite, Microsoft.Extensions.DependencyInjection.ServiceLookup.<fd845d3f-5554-448e-8276-c390248dec8b>RuntimeResolverContext context) [0x0000d] in <2370cefae74842df9eff2bc38df7450a>:0 
  at Microsoft.Extensions.DependencyInjection.ServiceLookup.<fd845d3f-5554-448e-8276-c390248dec8b>CallSiteVisitor`2[TArgument,TResult].VisitCallSiteMain (Microsoft.Extensions.DependencyInjection.ServiceLookup.<fd845d3f-5554-448e-8276-c390248dec8b>ServiceCallSite callSite, TArgument argument) [0x00023] in <2370cefae74842df9eff2bc38df7450a>:0 
  at Microsoft.Extensions.DependencyInjection.ServiceLookup.<fd845d3f-5554-448e-8276-c390248dec8b>CallSiteRuntimeResolver.VisitRootCache (Microsoft.Extensions.DependencyInjection.ServiceLookup.<fd845d3f-5554-448e-8276-c390248dec8b>ServiceCallSite callSite, Microsoft.Extensions.DependencyInjection.ServiceLookup.<fd845d3f-5554-448e-8276-c390248dec8b>RuntimeResolverContext context) [0x00061] in <2370cefae74842df9eff2bc38df7450a>:0 
  at Microsoft.Extensions.DependencyInjection.ServiceLookup.<fd845d3f-5554-448e-8276-c390248dec8b>CallSiteVisitor`2[TArgument,TResult].VisitCallSite (Microsoft.Extensions.DependencyInjection.ServiceLookup.<fd845d3f-5554-448e-8276-c390248dec8b>ServiceCallSite callSite, TArgument argument) [0x0004f] in <2370cefae74842df9eff2bc38df7450a>:0 
  at Microsoft.Extensions.DependencyInjection.ServiceLookup.<fd845d3f-5554-448e-8276-c390248dec8b>CallSiteRuntimeResolver.VisitConstructor (Microsoft.Extensions.DependencyInjection.ServiceLookup.<fd845d3f-5554-448e-8276-c390248dec8b>ConstructorCallSite constructorCallSite, Microsoft.Extensions.DependencyInjection.ServiceLookup.<fd845d3f-5554-448e-8276-c390248dec8b>RuntimeResolverContext context) [0x0002c] in <2370cefae74842df9eff2bc38df7450a>:0 
  at Microsoft.Extensions.DependencyInjection.ServiceLookup.<fd845d3f-5554-448e-8276-c390248dec8b>CallSiteVisitor`2[TArgument,TResult].VisitCallSiteMain (Microsoft.Extensions.DependencyInjection.ServiceLookup.<fd845d3f-5554-448e-8276-c390248dec8b>ServiceCallSite callSite, TArgument argument) [0x0003f] in <2370cefae74842df9eff2bc38df7450a>:0 
  at Microsoft.Extensions.DependencyInjection.ServiceLookup.<fd845d3f-5554-448e-8276-c390248dec8b>CallSiteRuntimeResolver.VisitRootCache (Microsoft.Extensions.DependencyInjection.ServiceLookup.<fd845d3f-5554-448e-8276-c390248dec8b>ServiceCallSite callSite, Microsoft.Extensions.DependencyInjection.ServiceLookup.<fd845d3f-5554-448e-8276-c390248dec8b>RuntimeResolverContext context) [0x00061] in <2370cefae74842df9eff2bc38df7450a>:0 
  at Microsoft.Extensions.DependencyInjection.ServiceLookup.<fd845d3f-5554-448e-8276-c390248dec8b>CallSiteVisitor`2[TArgument,TResult].VisitCallSite (Microsoft.Extensions.DependencyInjection.ServiceLookup.<fd845d3f-5554-448e-8276-c390248dec8b>ServiceCallSite callSite, TArgument argument) [0x0004f] in <2370cefae74842df9eff2bc38df7450a>:0 
  at Microsoft.Extensions.DependencyInjection.ServiceLookup.<fd845d3f-5554-448e-8276-c390248dec8b>CallSiteRuntimeResolver.Resolve (Microsoft.Extensions.DependencyInjection.ServiceLookup.<fd845d3f-5554-448e-8276-c390248dec8b>ServiceCallSite callSite, Microsoft.Extensions.DependencyInjection.ServiceLookup.<fd845d3f-5554-448e-8276-c390248dec8b>ServiceProviderEngineScope scope) [0x00026] in <2370cefae74842df9eff2bc38df7450a>:0 
  at Microsoft.Extensions.DependencyInjection.<fd845d3f-5554-448e-8276-c390248dec8b>ServiceProvider.CreateServiceAccessor (Microsoft.Extensions.DependencyInjection.ServiceLookup.<fd845d3f-5554-448e-8276-c390248dec8b>ServiceIdentifier serviceIdentifier) [0x00055] in <2370cefae74842df9eff2bc38df7450a>:0 
  at System.Collections.Concurrent.ConcurrentDictionary`2[TKey,TValue].GetOrAdd (TKey key, System.Func`2[T,TResult] valueFactory) [0x00034] in <1071a2cb0cb3433aae80a793c277a048>:0 
  at Microsoft.Extensions.DependencyInjection.<fd845d3f-5554-448e-8276-c390248dec8b>ServiceProvider.GetService (Microsoft.Extensions.DependencyInjection.ServiceLookup.<fd845d3f-5554-448e-8276-c390248dec8b>ServiceIdentifier serviceIdentifier, Microsoft.Extensions.DependencyInjection.ServiceLookup.<fd845d3f-5554-448e-8276-c390248dec8b>ServiceProviderEngineScope serviceProviderEngineScope) [0x0000d] in <2370cefae74842df9eff2bc38df7450a>:0 
  at Microsoft.Extensions.DependencyInjection.<fd845d3f-5554-448e-8276-c390248dec8b>ServiceProvider.GetService (System.Type serviceType) [0x0000d] in <2370cefae74842df9eff2bc38df7450a>:0 
  at Microsoft.Extensions.DependencyInjection.<03239ec6-c58a-4857-9007-88b5ce2571b7>ServiceProviderServiceExtensions.GetRequiredService (System.IServiceProvider provider, System.Type serviceType) [0x00028] in <2370cefae74842df9eff2bc38df7450a>:0 
  at Microsoft.Extensions.DependencyInjection.<03239ec6-c58a-4857-9007-88b5ce2571b7>ServiceProviderServiceExtensions.GetRequiredService[T] (System.IServiceProvider provider) [0x0000b] in <2370cefae74842df9eff2bc38df7450a>:0 
  at Coplay.DependencyInjection.RootScopeServices..cctor () [0x00019] in <2370cefae74842df9eff2bc38df7450a>:0 
UnityEngine.StackTraceUtility:ExtractStackTrace ()
UnityEngine.DebugLogHandler:LogFormat (UnityEngine.LogType,UnityEngine.Object,string,object[])
UnityEngine.Logger:Log (UnityEngine.LogType,object)
UnityEngine.Debug:LogError (object)
UnityEditor.EditorAssemblies:ProcessInitializeOnLoadAttributes (System.Type[])

Mono: successfully reloaded assembly
- Finished resetting the current domain, in  1.854 seconds
Domain Reload Profiling: 8901ms
	BeginReloadAssembly (280ms)
		ExecutionOrderSort (0ms)
		DisableScriptedObjects (10ms)
		BackupInstance (0ms)
		ReleaseScriptingObjects (0ms)
		CreateAndSetChildDomain (33ms)
	RebuildCommonClasses (61ms)
	RebuildNativeTypeToScriptingClass (19ms)
	initialDomainReloadingComplete (145ms)
	LoadAllAssembliesAndSetupDomain (6541ms)
		LoadAssemblies (5804ms)
		RebuildTransferFunctionScriptingTraits (0ms)
		AnalyzeDomain (911ms)
			TypeCache.Refresh (819ms)
				TypeCache.ScanAssembly (777ms)
			ScanForSourceGeneratedMonoScriptInfo (61ms)
			ResolveRequiredComponents (26ms)
	FinalizeReload (1855ms)
		ReleaseScriptCaches (0ms)
		RebuildScriptCaches (0ms)
		SetupLoadedEditorAssemblies (1528ms)
			LogAssemblyErrors (0ms)
			InitializePlatformSupportModulesInManaged (13ms)
			SetLoadedEditorAssemblies (9ms)
			RefreshPlugins (0ms)
			BeforeProcessingInitializeOnLoad (177ms)
			ProcessInitializeOnLoadAttributes (1066ms)
			ProcessInitializeOnLoadMethodAttributes (246ms)
			AfterProcessingInitializeOnLoad (16ms)
			EditorAssembliesLoaded (0ms)
		ExecutionOrderSort2 (0ms)
		AwakeInstancesAfterBackupRestoration (16ms)
Launched and connected shader compiler UnityShaderCompiler.exe after 0.05 seconds
Refreshing native plugins compatible for Editor in 15.70 ms, found 4 plugins.
Preloading 0 native plugins for Editor in 0.00 ms.
Unloading 6670 Unused Serialized files (Serialized files now loaded: 0)
Unloading 41 unused Assets / (420.8 KB). Loaded Objects now: 7149.
Memory consumption went from 262.1 MB to 261.7 MB.
Total: 8.868900 ms (FindLiveObjects: 0.664500 ms CreateObjectMapping: 0.732000 ms MarkObjects: 7.093600 ms  DeleteObjects: 0.376600 ms)

AssetImportParameters requested are different than current active one (requested -> active):
  custom:container-demuxer-ogg: 62fdf1f143b41e24485cea50d1cbac27 -> 
  custom:framework-win-MediaFoundation: 216162199b28c13a410421893ffa2e32 -> 
  custom:container-muxer-webm: aa71ff27fc2769a1b78a27578f13a17b -> 
  custom:video-decoder-webm-vp8: 9c59270c3fd7afecdb556c50c9e8de78 -> 
  custom:SearchIndexIgnoredProperties: e643bd26f0fe6173181afceb89e7c659 -> 
  custom:AudioImporter_EditorPlatform: d09bf68614088b80899f8185d706f6e7 -> 
  custom:audio-decoder-ogg-vorbis: bf7c407c2cedff20999df2af8eb42d56 -> 
  custom:audio-encoder-webm-vorbis: bf7c407c2cedff20999df2af8eb42d56 -> 
  custom:video-codec-MediaFoundation-h265: 746d11721c4dcdbdad8f713fa42b33f4 -> 
  custom:video-decoder-ogg-theora: a1e56fd34408186e4bbccfd4996cb3dc -> 
  custom:CustomObjectIndexerAttribute: 72b91833f83ae208fae7752999fa3104 -> 
  custom:container-demuxer-webm: 4f35f7cbe854078d1ac9338744f61a02 -> 
  custom:video-encoder-webm-vp8: eb34c28f22e8b96e1ab97ce403110664 -> 
========================================================================
Received Import Request.
  Time since last request: 7605.619008 seconds.
  path: Assets/UI/cerceve1.png
  artifactKey: Guid(7fd494a1af4cd4a40a2e374f4e8c9e48) Importer(815301076,1909f56bfc062723c751e8b465ee728b)
Start importing Assets/UI/cerceve1.png using Guid(7fd494a1af4cd4a40a2e374f4e8c9e48) Importer(815301076,1909f56bfc062723c751e8b465ee728b) [PhysX] Initialized MultithreadedTaskDispatcher with 16 workers.
[PhysX] Initialized MultithreadedTaskDispatcher with 16 workers.
 -> (artifact id: '418984d488e5983a7e196550c9360bdf') in 0.432579 seconds
Number of updated asset objects reloaded before import = 0
Number of asset objects unloaded after import = 131
========================================================================
Received Import Request.
  Time since last request: 0.000063 seconds.
  path: Assets/UI/AYARLAR/panel.png
  artifactKey: Guid(84682b2fac609e2418a63bfe4b23f76a) Importer(815301076,1909f56bfc062723c751e8b465ee728b)
Start importing Assets/UI/AYARLAR/panel.png using Guid(84682b2fac609e2418a63bfe4b23f76a) Importer(815301076,1909f56bfc062723c751e8b465ee728b) [PhysX] Initialized MultithreadedTaskDispatcher with 16 workers.
[PhysX] Initialized MultithreadedTaskDispatcher with 16 workers.
 -> (artifact id: '8bf1cf7a8118a914ecba55bf3b434937') in 0.116470 seconds
Number of updated asset objects reloaded before import = 0
Number of asset objects unloaded after import = 131
========================================================================
Received Import Request.
  Time since last request: 0.000035 seconds.
  path: Assets/UI/AYARLAR
  artifactKey: Guid(7a21c3effe23b9a41b2793d5e6399850) Importer(815301076,1909f56bfc062723c751e8b465ee728b)
Start importing Assets/UI/AYARLAR using Guid(7a21c3effe23b9a41b2793d5e6399850) Importer(815301076,1909f56bfc062723c751e8b465ee728b) [PhysX] Initialized MultithreadedTaskDispatcher with 16 workers.
 -> (artifact id: '381551091f02d8d0970dfcffe4404e99') in 0.001575 seconds
Number of updated asset objects reloaded before import = 0
Number of asset objects unloaded after import = 0
========================================================================
Received Import Request.
  Time since last request: 0.000392 seconds.
  path: Assets/UI/damla.png
  artifactKey: Guid(6eda4ebaf5c32d140b254cae446cafb9) Importer(815301076,1909f56bfc062723c751e8b465ee728b)
Start importing Assets/UI/damla.png using Guid(6eda4ebaf5c32d140b254cae446cafb9) Importer(815301076,1909f56bfc062723c751e8b465ee728b) [PhysX] Initialized MultithreadedTaskDispatcher with 16 workers.
[PhysX] Initialized MultithreadedTaskDispatcher with 16 workers.
 -> (artifact id: 'cd0959ff58986d45c97ff1f30d500271') in 0.105944 seconds
Number of updated asset objects reloaded before import = 0
Number of asset objects unloaded after import = 131
========================================================================
Received Import Request.
  Time since last request: 0.000037 seconds.
  path: Assets/UI/level dolum.png
  artifactKey: Guid(b3bd0611688be384c8cefc6b2869e324) Importer(815301076,1909f56bfc062723c751e8b465ee728b)
Start importing Assets/UI/level dolum.png using Guid(b3bd0611688be384c8cefc6b2869e324) Importer(815301076,1909f56bfc062723c751e8b465ee728b) [PhysX] Initialized MultithreadedTaskDispatcher with 16 workers.
[PhysX] Initialized MultithreadedTaskDispatcher with 16 workers.
 -> (artifact id: 'ca4e60b8671dd49671d4f85f5bc01b98') in 0.113556 seconds
Number of updated asset objects reloaded before import = 0
Number of asset objects unloaded after import = 131
========================================================================
Received Import Request.
  Time since last request: 0.000050 seconds.
  path: Assets/UI/siparis_menu.png
  artifactKey: Guid(b82f03b2382be64438129ad462e7fce7) Importer(815301076,1909f56bfc062723c751e8b465ee728b)
Start importing Assets/UI/siparis_menu.png using Guid(b82f03b2382be64438129ad462e7fce7) Importer(815301076,1909f56bfc062723c751e8b465ee728b) [PhysX] Initialized MultithreadedTaskDispatcher with 16 workers.
[PhysX] Initialized MultithreadedTaskDispatcher with 16 workers.
 -> (artifact id: 'bc105806da8fdaa8334a95bc1770c081') in 0.120629 seconds
Number of updated asset objects reloaded before import = 0
Number of asset objects unloaded after import = 131
========================================================================
Received Import Request.
  Time since last request: 0.000043 seconds.
  path: Assets/UI/olta_cerceve.png
  artifactKey: Guid(4aad97004ee751e4d822d81c3fffb41b) Importer(815301076,1909f56bfc062723c751e8b465ee728b)
Start importing Assets/UI/olta_cerceve.png using Guid(4aad97004ee751e4d822d81c3fffb41b) Importer(815301076,1909f56bfc062723c751e8b465ee728b) [PhysX] Initialized MultithreadedTaskDispatcher with 16 workers.
[PhysX] Initialized MultithreadedTaskDispatcher with 16 workers.
 -> (artifact id: 'ee039bfa04b9cd5da69db16aa415619a') in 0.123019 seconds
Number of updated asset objects reloaded before import = 0
Number of asset objects unloaded after import = 131
========================================================================
Received Import Request.
  Time since last request: 0.000040 seconds.
  path: Assets/UI/level.png
  artifactKey: Guid(247d0ad32ab5de642ba304b2bd7a51e9) Importer(815301076,1909f56bfc062723c751e8b465ee728b)
Start importing Assets/UI/level.png using Guid(247d0ad32ab5de642ba304b2bd7a51e9) Importer(815301076,1909f56bfc062723c751e8b465ee728b) [PhysX] Initialized MultithreadedTaskDispatcher with 16 workers.
[PhysX] Initialized MultithreadedTaskDispatcher with 16 workers.
 -> (artifact id: 'a59645cfdc25a0cd9d18b9f75952600c') in 0.112775 seconds
Number of updated asset objects reloaded before import = 0
Number of asset objects unloaded after import = 131
========================================================================
Received Import Request.
  Time since last request: 0.000056 seconds.
  path: Assets/UI/cerceve2.png
  artifactKey: Guid(403efdb216567084ab2b3faffb363c8b) Importer(815301076,1909f56bfc062723c751e8b465ee728b)
Start importing Assets/UI/cerceve2.png using Guid(403efdb216567084ab2b3faffb363c8b) Importer(815301076,1909f56bfc062723c751e8b465ee728b) [PhysX] Initialized MultithreadedTaskDispatcher with 16 workers.
[PhysX] Initialized MultithreadedTaskDispatcher with 16 workers.
 -> (artifact id: '44b9ad428d1dc5d4ab7a977429a02c47') in 0.115255 seconds
Number of updated asset objects reloaded before import = 0
Number of asset objects unloaded after import = 131
========================================================================
Received Import Request.
  Time since last request: 0.000057 seconds.
  path: Assets/UI/Buday.png
  artifactKey: Guid(c63a233ee583b624698eb698fcab2b24) Importer(815301076,1909f56bfc062723c751e8b465ee728b)
Start importing Assets/UI/Buday.png using Guid(c63a233ee583b624698eb698fcab2b24) Importer(815301076,1909f56bfc062723c751e8b465ee728b) [PhysX] Initialized MultithreadedTaskDispatcher with 16 workers.
[PhysX] Initialized MultithreadedTaskDispatcher with 16 workers.
 -> (artifact id: 'ba009c5f59499fd5e0be417431dd0f22') in 0.108407 seconds
Number of updated asset objects reloaded before import = 0
Number of asset objects unloaded after import = 131
========================================================================
Received Prepare
Caller must complete domain reload
Begin MonoManager ReloadAssembly
- Loaded All Assemblies, in  9.290 seconds
Native extension for UWP target not found
Native extension for WindowsStandalone target not found
[Package Manager] Server::EnsureServerProcessIsRunning -- launch failed, reason: Unity was launched with the -noUpm command-line argument
[Package Manager] UpmClient::Send -- Unable to send message (not connected to UPM process).
[Package Manager] Cannot connect to Unity Package Manager local server
Failed to create .gitignore in Coplay package directory: Sharing violation on path C:\git kraken\Fish-Restaurant-Farming-Simulator1\fish_restorant\Packages\Coplay\.gitignore
UnityEngine.StackTraceUtility:ExtractStackTrace ()
UnityEngine.DebugLogHandler:LogFormat (UnityEngine.LogType,UnityEngine.Object,string,object[])
UnityEngine.Logger:Log (UnityEngine.LogType,object)
UnityEngine.Debug:LogWarning (object)
Coplay.Services.ApplicationPaths:.ctor (System.IO.Abstractions.<bb65ca26-0720-4eb0-b5ec-28e5e773a611>IFileSystem,string)
Coplay.Services.ApplicationPaths:.ctor ()
System.Reflection.RuntimeConstructorInfo:InternalInvoke (object,object[],bool)
System.Reflection.RuntimeConstructorInfo:DoInvoke (object,System.Reflection.BindingFlags,System.Reflection.Binder,object[],System.Globalization.CultureInfo)
System.Reflection.RuntimeConstructorInfo:Invoke (System.Reflection.BindingFlags,System.Reflection.Binder,object[],System.Globalization.CultureInfo)
Microsoft.Extensions.DependencyInjection.ServiceLookup.<fd845d3f-5554-448e-8276-c390248dec8b>CallSiteRuntimeResolver:VisitConstructor (Microsoft.Extensions.DependencyInjection.ServiceLookup.<fd845d3f-5554-448e-8276-c390248dec8b>ConstructorCallSite,Microsoft.Extensions.DependencyInjection.ServiceLookup.<fd845d3f-5554-448e-8276-c390248dec8b>RuntimeResolverContext)
Microsoft.Extensions.DependencyInjection.ServiceLookup.<fd845d3f-5554-448e-8276-c390248dec8b>CallSiteVisitor`2<Microsoft.Extensions.DependencyInjection.ServiceLookup.<fd845d3f-5554-448e-8276-c390248dec8b>RuntimeResolverContext, object>:VisitCallSiteMain (Microsoft.Extensions.DependencyInjection.ServiceLookup.<fd845d3f-5554-448e-8276-c390248dec8b>ServiceCallSite,Microsoft.Extensions.DependencyInjection.ServiceLookup.<fd845d3f-5554-448e-8276-c390248dec8b>RuntimeResolverContext)
Microsoft.Extensions.DependencyInjection.ServiceLookup.<fd845d3f-5554-448e-8276-c390248dec8b>CallSiteRuntimeResolver:VisitRootCache (Microsoft.Extensions.DependencyInjection.ServiceLookup.<fd845d3f-5554-448e-8276-c390248dec8b>ServiceCallSite,Microsoft.Extensions.DependencyInjection.ServiceLookup.<fd845d3f-5554-448e-8276-c390248dec8b>RuntimeResolverContext)
Microsoft.Extensions.DependencyInjection.ServiceLookup.<fd845d3f-5554-448e-8276-c390248dec8b>CallSiteVisitor`2<Microsoft.Extensions.DependencyInjection.ServiceLookup.<fd845d3f-5554-448e-8276-c390248dec8b>RuntimeResolverContext, object>:VisitCallSite (Microsoft.Extensions.DependencyInjection.ServiceLookup.<fd845d3f-5554-448e-8276-c390248dec8b>ServiceCallSite,Microsoft.Extensions.DependencyInjection.ServiceLookup.<fd845d3f-5554-448e-8276-c390248dec8b>RuntimeResolverContext)
Microsoft.Extensions.DependencyInjection.ServiceLookup.<fd845d3f-5554-448e-8276-c390248dec8b>CallSiteRuntimeResolver:Resolve (Microsoft.Extensions.DependencyInjection.ServiceLookup.<fd845d3f-5554-448e-8276-c390248dec8b>ServiceCallSite,Microsoft.Extensions.DependencyInjection.ServiceLookup.<fd845d3f-5554-448e-8276-c390248dec8b>ServiceProviderEngineScope)
Microsoft.Extensions.DependencyInjection.<fd845d3f-5554-448e-8276-c390248dec8b>ServiceProvider:CreateServiceAccessor (Microsoft.Extensions.DependencyInjection.ServiceLookup.<fd845d3f-5554-448e-8276-c390248dec8b>ServiceIdentifier)
System.Collections.Concurrent.ConcurrentDictionary`2<Microsoft.Extensions.DependencyInjection.ServiceLookup.<fd845d3f-5554-448e-8276-c390248dec8b>ServiceIdentifier, Microsoft.Extensions.DependencyInjection.<fd845d3f-5554-448e-8276-c390248dec8b>ServiceProvider/ServiceAccessor>:GetOrAdd (Microsoft.Extensions.DependencyInjection.ServiceLookup.<fd845d3f-5554-448e-8276-c390248dec8b>ServiceIdentifier,System.Func`2<Microsoft.Extensions.DependencyInjection.ServiceLookup.<fd845d3f-5554-448e-8276-c390248dec8b>ServiceIdentifier, Microsoft.Extensions.DependencyInjection.<fd845d3f-5554-448e-8276-c390248dec8b>ServiceProvider/ServiceAccessor>)
Microsoft.Extensions.DependencyInjection.<fd845d3f-5554-448e-8276-c390248dec8b>ServiceProvider:GetService (Microsoft.Extensions.DependencyInjection.ServiceLookup.<fd845d3f-5554-448e-8276-c390248dec8b>ServiceIdentifier,Microsoft.Extensions.DependencyInjection.ServiceLookup.<fd845d3f-5554-448e-8276-c390248dec8b>ServiceProviderEngineScope)
Microsoft.Extensions.DependencyInjection.ServiceLookup.<fd845d3f-5554-448e-8276-c390248dec8b>ServiceProviderEngineScope:GetService (System.Type)
Microsoft.Extensions.DependencyInjection.<03239ec6-c58a-4857-9007-88b5ce2571b7>ServiceProviderServiceExtensions:GetRequiredService (System.IServiceProvider,System.Type)
Microsoft.Extensions.DependencyInjection.<03239ec6-c58a-4857-9007-88b5ce2571b7>ServiceProviderServiceExtensions:GetRequiredService<Coplay.Services.IApplicationPaths> (System.IServiceProvider)
Coplay.Common.Logging.CoplayLoggerConfiguration/<>c__DisplayClass0_0:<AddCoplayLogging>b__0 (System.IServiceProvider,Serilog.<a4b2d26e-ac3b-4054-9a6c-5e3ce9a96c0b>LoggerConfiguration)
Serilog.<bd0e39ce-cb78-4e01-b06d-080935c10262>SerilogServiceCollectionExtensions/<>c__DisplayClass3_0:<AddSerilog>b__0 (System.IServiceProvider)
Microsoft.Extensions.DependencyInjection.ServiceLookup.<fd845d3f-5554-448e-8276-c390248dec8b>CallSiteRuntimeResolver:VisitFactory (Microsoft.Extensions.DependencyInjection.ServiceLookup.<fd845d3f-5554-448e-8276-c390248dec8b>FactoryCallSite,Microsoft.Extensions.DependencyInjection.ServiceLookup.<fd845d3f-5554-448e-8276-c390248dec8b>RuntimeResolverContext)
Microsoft.Extensions.DependencyInjection.ServiceLookup.<fd845d3f-5554-448e-8276-c390248dec8b>CallSiteVisitor`2<Microsoft.Extensions.DependencyInjection.ServiceLookup.<fd845d3f-5554-448e-8276-c390248dec8b>RuntimeResolverContext, object>:VisitCallSiteMain (Microsoft.Extensions.DependencyInjection.ServiceLookup.<fd845d3f-5554-448e-8276-c390248dec8b>ServiceCallSite,Microsoft.Extensions.DependencyInjection.ServiceLookup.<fd845d3f-5554-448e-8276-c390248dec8b>RuntimeResolverContext)
Microsoft.Extensions.DependencyInjection.ServiceLookup.<fd845d3f-5554-448e-8276-c390248dec8b>CallSiteRuntimeResolver:VisitRootCache (Microsoft.Extensions.DependencyInjection.ServiceLookup.<fd845d3f-5554-448e-8276-c390248dec8b>ServiceCallSite,Microsoft.Extensions.DependencyInjection.ServiceLookup.<fd845d3f-5554-448e-8276-c390248dec8b>RuntimeResolverContext)
Microsoft.Extensions.DependencyInjection.ServiceLookup.<fd845d3f-5554-448e-8276-c390248dec8b>CallSiteVisitor`2<Microsoft.Extensions.DependencyInjection.ServiceLookup.<fd845d3f-5554-448e-8276-c390248dec8b>RuntimeResolverContext, object>:VisitCallSite (Microsoft.Extensions.DependencyInjection.ServiceLookup.<fd845d3f-5554-448e-8276-c390248dec8b>ServiceCallSite,Microsoft.Extensions.DependencyInjection.ServiceLookup.<fd845d3f-5554-448e-8276-c390248dec8b>RuntimeResolverContext)
Microsoft.Extensions.DependencyInjection.ServiceLookup.<fd845d3f-5554-448e-8276-c390248dec8b>CallSiteRuntimeResolver:Resolve (Microsoft.Extensions.DependencyInjection.ServiceLookup.<fd845d3f-5554-448e-8276-c390248dec8b>ServiceCallSite,Microsoft.Extensions.DependencyInjection.ServiceLookup.<fd845d3f-5554-448e-8276-c390248dec8b>ServiceProviderEngineScope)
Microsoft.Extensions.DependencyInjection.<fd845d3f-5554-448e-8276-c390248dec8b>ServiceProvider:CreateServiceAccessor (Microsoft.Extensions.DependencyInjection.ServiceLookup.<fd845d3f-5554-448e-8276-c390248dec8b>ServiceIdentifier)
System.Collections.Concurrent.ConcurrentDictionary`2<Microsoft.Extensions.DependencyInjection.ServiceLookup.<fd845d3f-5554-448e-8276-c390248dec8b>ServiceIdentifier, Microsoft.Extensions.DependencyInjection.<fd845d3f-5554-448e-8276-c390248dec8b>ServiceProvider/ServiceAccessor>:GetOrAdd (Microsoft.Extensions.DependencyInjection.ServiceLookup.<fd845d3f-5554-448e-8276-c390248dec8b>ServiceIdentifier,System.Func`2<Microsoft.Extensions.DependencyInjection.ServiceLookup.<fd845d3f-5554-448e-8276-c390248dec8b>ServiceIdentifier, Microsoft.Extensions.DependencyInjection.<fd845d3f-5554-448e-8276-c390248dec8b>ServiceProvider/ServiceAccessor>)
Microsoft.Extensions.DependencyInjection.<fd845d3f-5554-448e-8276-c390248dec8b>ServiceProvider:GetService (Microsoft.Extensions.DependencyInjection.ServiceLookup.<fd845d3f-5554-448e-8276-c390248dec8b>ServiceIdentifier,Microsoft.Extensions.DependencyInjection.ServiceLookup.<fd845d3f-5554-448e-8276-c390248dec8b>ServiceProviderEngineScope)
Microsoft.Extensions.DependencyInjection.ServiceLookup.<fd845d3f-5554-448e-8276-c390248dec8b>ServiceProviderEngineScope:GetService (System.Type)
Microsoft.Extensions.DependencyInjection.<03239ec6-c58a-4857-9007-88b5ce2571b7>ServiceProviderServiceExtensions:GetRequiredService (System.IServiceProvider,System.Type)
Microsoft.Extensions.DependencyInjection.<03239ec6-c58a-4857-9007-88b5ce2571b7>ServiceProviderServiceExtensions:GetRequiredService<Serilog.<bd0e39ce-cb78-4e01-b06d-080935c10262>SerilogServiceCollectionExtensions/RegisteredLogger> (System.IServiceProvider)
Serilog.<bd0e39ce-cb78-4e01-b06d-080935c10262>SerilogServiceCollectionExtensions/<>c__DisplayClass3_0:<AddSerilog>b__2 (System.IServiceProvider)
Microsoft.Extensions.DependencyInjection.ServiceLookup.<fd845d3f-5554-448e-8276-c390248dec8b>CallSiteRuntimeResolver:VisitFactory (Microsoft.Extensions.DependencyInjection.ServiceLookup.<fd845d3f-5554-448e-8276-c390248dec8b>FactoryCallSite,Microsoft.Extensions.DependencyInjection.ServiceLookup.<fd845d3f-5554-448e-8276-c390248dec8b>RuntimeResolverContext)
Microsoft.Extensions.DependencyInjection.ServiceLookup.<fd845d3f-5554-448e-8276-c390248dec8b>CallSiteVisitor`2<Microsoft.Extensions.DependencyInjection.ServiceLookup.<fd845d3f-5554-448e-8276-c390248dec8b>RuntimeResolverContext, object>:VisitCallSiteMain (Microsoft.Extensions.DependencyInjection.ServiceLookup.<fd845d3f-5554-448e-8276-c390248dec8b>ServiceCallSite,Microsoft.Extensions.DependencyInjection.ServiceLookup.<fd845d3f-5554-448e-8276-c390248dec8b>RuntimeResolverContext)
Microsoft.Extensions.DependencyInjection.ServiceLookup.<fd845d3f-5554-448e-8276-c390248dec8b>CallSiteRuntimeResolver:VisitRootCache (Microsoft.Extensions.DependencyInjection.ServiceLookup.<fd845d3f-5554-448e-8276-c390248dec8b>ServiceCallSite,Microsoft.Extensions.DependencyInjection.ServiceLookup.<fd845d3f-5554-448e-8276-c390248dec8b>RuntimeResolverContext)
Microsoft.Extensions.DependencyInjection.ServiceLookup.<fd845d3f-5554-448e-8276-c390248dec8b>CallSiteVisitor`2<Microsoft.Extensions.DependencyInjection.ServiceLookup.<fd845d3f-5554-448e-8276-c390248dec8b>RuntimeResolverContext, object>:VisitCallSite (Microsoft.Extensions.DependencyInjection.ServiceLookup.<fd845d3f-5554-448e-8276-c390248dec8b>ServiceCallSite,Microsoft.Extensions.DependencyInjection.ServiceLookup.<fd845d3f-5554-448e-8276-c390248dec8b>RuntimeResolverContext)
Microsoft.Extensions.DependencyInjection.ServiceLookup.<fd845d3f-5554-448e-8276-c390248dec8b>CallSiteRuntimeResolver:VisitConstructor (Microsoft.Extensions.DependencyInjection.ServiceLookup.<fd845d3f-5554-448e-8276-c390248dec8b>ConstructorCallSite,Microsoft.Extensions.DependencyInjection.ServiceLookup.<fd845d3f-5554-448e-8276-c390248dec8b>RuntimeResolverContext)
Microsoft.Extensions.DependencyInjection.ServiceLookup.<fd845d3f-5554-448e-8276-c390248dec8b>CallSiteVisitor`2<Microsoft.Extensions.DependencyInjection.ServiceLookup.<fd845d3f-5554-448e-8276-c390248dec8b>RuntimeResolverContext, object>:VisitCallSiteMain (Microsoft.Extensions.DependencyInjection.ServiceLookup.<fd845d3f-5554-448e-8276-c390248dec8b>ServiceCallSite,Microsoft.Extensions.DependencyInjection.ServiceLookup.<fd845d3f-5554-448e-8276-c390248dec8b>RuntimeResolverContext)
Microsoft.Extensions.DependencyInjection.ServiceLookup.<fd845d3f-5554-448e-8276-c390248dec8b>CallSiteRuntimeResolver:VisitRootCache (Microsoft.Extensions.DependencyInjection.ServiceLookup.<fd845d3f-5554-448e-8276-c390248dec8b>ServiceCallSite,Microsoft.Extensions.DependencyInjection.ServiceLookup.<fd845d3f-5554-448e-8276-c390248dec8b>RuntimeResolverContext)
Microsoft.Extensions.DependencyInjection.ServiceLookup.<fd845d3f-5554-448e-8276-c390248dec8b>CallSiteVisitor`2<Microsoft.Extensions.DependencyInjection.ServiceLookup.<fd845d3f-5554-448e-8276-c390248dec8b>RuntimeResolverContext, object>:VisitCallSite (Microsoft.Extensions.DependencyInjection.ServiceLookup.<fd845d3f-5554-448e-8276-c390248dec8b>ServiceCallSite,Microsoft.Extensions.DependencyInjection.ServiceLookup.<fd845d3f-5554-448e-8276-c390248dec8b>RuntimeResolverContext)
Microsoft.Extensions.DependencyInjection.ServiceLookup.<fd845d3f-5554-448e-8276-c390248dec8b>CallSiteRuntimeResolver:Resolve (Microsoft.Extensions.DependencyInjection.ServiceLookup.<fd845d3f-5554-448e-8276-c390248dec8b>ServiceCallSite,Microsoft.Extensions.DependencyInjection.ServiceLookup.<fd845d3f-5554-448e-8276-c390248dec8b>ServiceProviderEngineScope)
Microsoft.Extensions.DependencyInjection.<fd845d3f-5554-448e-8276-c390248dec8b>ServiceProvider:CreateServiceAccessor (Microsoft.Extensions.DependencyInjection.ServiceLookup.<fd845d3f-5554-448e-8276-c390248dec8b>ServiceIdentifier)
System.Collections.Concurrent.ConcurrentDictionary`2<Microsoft.Extensions.DependencyInjection.ServiceLookup.<fd845d3f-5554-448e-8276-c390248dec8b>ServiceIdentifier, Microsoft.Extensions.DependencyInjection.<fd845d3f-5554-448e-8276-c390248dec8b>ServiceProvider/ServiceAccessor>:GetOrAdd (Microsoft.Extensions.DependencyInjection.ServiceLookup.<fd845d3f-5554-448e-8276-c390248dec8b>ServiceIdentifier,System.Func`2<Microsoft.Extensions.DependencyInjection.ServiceLookup.<fd845d3f-5554-448e-8276-c390248dec8b>ServiceIdentifier, Microsoft.Extensions.DependencyInjection.<fd845d3f-5554-448e-8276-c390248dec8b>ServiceProvider/ServiceAccessor>)
Microsoft.Extensions.DependencyInjection.<fd845d3f-5554-448e-8276-c390248dec8b>ServiceProvider:GetService (Microsoft.Extensions.DependencyInjection.ServiceLookup.<fd845d3f-5554-448e-8276-c390248dec8b>ServiceIdentifier,Microsoft.Extensions.DependencyInjection.ServiceLookup.<fd845d3f-5554-448e-8276-c390248dec8b>ServiceProviderEngineScope)
Microsoft.Extensions.DependencyInjection.<fd845d3f-5554-448e-8276-c390248dec8b>ServiceProvider:GetService (System.Type)
Microsoft.Extensions.DependencyInjection.<03239ec6-c58a-4857-9007-88b5ce2571b7>ServiceProviderServiceExtensions:GetRequiredService (System.IServiceProvider,System.Type)
Microsoft.Extensions.DependencyInjection.<03239ec6-c58a-4857-9007-88b5ce2571b7>ServiceProviderServiceExtensions:GetRequiredService<Microsoft.Extensions.Logging.<7c056fd6-47af-4484-ae93-65d996e37a68>ILogger`1<Coplay.DependencyInjection.RootScopeServices>> (System.IServiceProvider)
Coplay.DependencyInjection.RootScopeServices:.cctor ()
System.Runtime.CompilerServices.RuntimeHelpers:RunClassConstructor (System.RuntimeTypeHandle)
UnityEditor.EditorAssemblies:ProcessInitializeOnLoadAttributes (System.Type[])

System.InvalidOperationException: Could not determine the Coplay plugin installation path.
  at Coplay.Services.ApplicationPaths..ctor (System.IO.Abstractions.<bb65ca26-0720-4eb0-b5ec-28e5e773a611>IFileSystem fileSystem, System.String dataPath) [0x001a7] in <2370cefae74842df9eff2bc38df7450a>:0 
  at Coplay.Services.ApplicationPaths..ctor () [0x0000b] in <2370cefae74842df9eff2bc38df7450a>:0 
  at (wrapper managed-to-native) System.Reflection.RuntimeConstructorInfo.InternalInvoke(System.Reflection.RuntimeConstructorInfo,object,object[],System.Exception&)
  at System.Reflection.RuntimeConstructorInfo.InternalInvoke (System.Object obj, System.Object[] parameters, System.Boolean wrapExceptions) [0x0001b] in <1071a2cb0cb3433aae80a793c277a048>:0 
  at System.Reflection.RuntimeConstructorInfo.DoInvoke (System.Object obj, System.Reflection.BindingFlags invokeAttr, System.Reflection.Binder binder, System.Object[] parameters, System.Globalization.CultureInfo culture) [0x00086] in <1071a2cb0cb3433aae80a793c277a048>:0 
  at System.Reflection.RuntimeConstructorInfo.Invoke (System.Reflection.BindingFlags invokeAttr, System.Reflection.Binder binder, System.Object[] parameters, System.Globalization.CultureInfo culture) [0x00000] in <1071a2cb0cb3433aae80a793c277a048>:0 
  at Microsoft.Extensions.DependencyInjection.ServiceLookup.<fd845d3f-5554-448e-8276-c390248dec8b>CallSiteRuntimeResolver.VisitConstructor (Microsoft.Extensions.DependencyInjection.ServiceLookup.<fd845d3f-5554-448e-8276-c390248dec8b>ConstructorCallSite constructorCallSite, Microsoft.Extensions.DependencyInjection.ServiceLookup.<fd845d3f-5554-448e-8276-c390248dec8b>RuntimeResolverContext context) [0x00045] in <2370cefae74842df9eff2bc38df7450a>:0 
  at Microsoft.Extensions.DependencyInjection.ServiceLookup.<fd845d3f-5554-448e-8276-c390248dec8b>CallSiteVisitor`2[TArgument,TResult].VisitCallSiteMain (Microsoft.Extensions.DependencyInjection.ServiceLookup.<fd845d3f-5554-448e-8276-c390248dec8b>ServiceCallSite callSite, TArgument argument) [0x0003f] in <2370cefae74842df9eff2bc38df7450a>:0 
  at Microsoft.Extensions.DependencyInjection.ServiceLookup.<fd845d3f-5554-448e-8276-c390248dec8b>CallSiteRuntimeResolver.VisitRootCache (Microsoft.Extensions.DependencyInjection.ServiceLookup.<fd845d3f-5554-448e-8276-c390248dec8b>ServiceCallSite callSite, Microsoft.Extensions.DependencyInjection.ServiceLookup.<fd845d3f-5554-448e-8276-c390248dec8b>RuntimeResolverContext context) [0x00061] in <2370cefae74842df9eff2bc38df7450a>:0 
  at Microsoft.Extensions.DependencyInjection.ServiceLookup.<fd845d3f-5554-448e-8276-c390248dec8b>CallSiteVisitor`2[TArgument,TResult].VisitCallSite (Microsoft.Extensions.DependencyInjection.ServiceLookup.<fd845d3f-5554-448e-8276-c390248dec8b>ServiceCallSite callSite, TArgument argument) [0x0004f] in <2370cefae74842df9eff2bc38df7450a>:0 
  at Microsoft.Extensions.DependencyInjection.ServiceLookup.<fd845d3f-5554-448e-8276-c390248dec8b>CallSiteRuntimeResolver.Resolve (Microsoft.Extensions.DependencyInjection.ServiceLookup.<fd845d3f-5554-448e-8276-c390248dec8b>ServiceCallSite callSite, Microsoft.Extensions.DependencyInjection.ServiceLookup.<fd845d3f-5554-448e-8276-c390248dec8b>ServiceProviderEngineScope scope) [0x00026] in <2370cefae74842df9eff2bc38df7450a>:0 
  at Microsoft.Extensions.DependencyInjection.<fd845d3f-5554-448e-8276-c390248dec8b>ServiceProvider.CreateServiceAccessor (Microsoft.Extensions.DependencyInjection.ServiceLookup.<fd845d3f-5554-448e-8276-c390248dec8b>ServiceIdentifier serviceIdentifier) [0x00055] in <2370cefae74842df9eff2bc38df7450a>:0 
  at System.Collections.Concurrent.ConcurrentDictionary`2[TKey,TValue].GetOrAdd (TKey key, System.Func`2[T,TResult] valueFactory) [0x00034] in <1071a2cb0cb3433aae80a793c277a048>:0 
  at Microsoft.Extensions.DependencyInjection.<fd845d3f-5554-448e-8276-c390248dec8b>ServiceProvider.GetService (Microsoft.Extensions.DependencyInjection.ServiceLookup.<fd845d3f-5554-448e-8276-c390248dec8b>ServiceIdentifier serviceIdentifier, Microsoft.Extensions.DependencyInjection.ServiceLookup.<fd845d3f-5554-448e-8276-c390248dec8b>ServiceProviderEngineScope serviceProviderEngineScope) [0x0000d] in <2370cefae74842df9eff2bc38df7450a>:0 
  at Microsoft.Extensions.DependencyInjection.ServiceLookup.<fd845d3f-5554-448e-8276-c390248dec8b>ServiceProviderEngineScope.GetService (System.Type serviceType) [0x00019] in <2370cefae74842df9eff2bc38df7450a>:0 
  at Microsoft.Extensions.DependencyInjection.<03239ec6-c58a-4857-9007-88b5ce2571b7>ServiceProviderServiceExtensions.GetRequiredService (System.IServiceProvider provider, System.Type serviceType) [0x00028] in <2370cefae74842df9eff2bc38df7450a>:0 
  at Microsoft.Extensions.DependencyInjection.<03239ec6-c58a-4857-9007-88b5ce2571b7>ServiceProviderServiceExtensions.GetRequiredService[T] (System.IServiceProvider provider) [0x0000b] in <2370cefae74842df9eff2bc38df7450a>:0 
  at Coplay.Common.Logging.CoplayLoggerConfiguration+<>c__DisplayClass0_0.<AddCoplayLogging>b__0 (System.IServiceProvider provider, Serilog.<a4b2d26e-ac3b-4054-9a6c-5e3ce9a96c0b>LoggerConfiguration configuration) [0x00006] in <2370cefae74842df9eff2bc38df7450a>:0 
  at Serilog.<bd0e39ce-cb78-4e01-b06d-080935c10262>SerilogServiceCollectionExtensions+<>c__DisplayClass3_0.<AddSerilog>b__0 (System.IServiceProvider services) [0x00063] in <2370cefae74842df9eff2bc38df7450a>:0 
  at Microsoft.Extensions.DependencyInjection.ServiceLookup.<fd845d3f-5554-448e-8276-c390248dec8b>CallSiteRuntimeResolver.VisitFactory (Microsoft.Extensions.DependencyInjection.ServiceLookup.<fd845d3f-5554-448e-8276-c390248dec8b>FactoryCallSite factoryCallSite, Microsoft.Extensions.DependencyInjection.ServiceLookup.<fd845d3f-5554-448e-8276-c390248dec8b>RuntimeResolverContext context) [0x0000d] in <2370cefae74842df9eff2bc38df7450a>:0 
  at Microsoft.Extensions.DependencyInjection.ServiceLookup.<fd845d3f-5554-448e-8276-c390248dec8b>CallSiteVisitor`2[TArgument,TResult].VisitCallSiteMain (Microsoft.Extensions.DependencyInjection.ServiceLookup.<fd845d3f-5554-448e-8276-c390248dec8b>ServiceCallSite callSite, TArgument argument) [0x00023] in <2370cefae74842df9eff2bc38df7450a>:0 
  at Microsoft.Extensions.DependencyInjection.ServiceLookup.<fd845d3f-5554-448e-8276-c390248dec8b>CallSiteRuntimeResolver.VisitRootCache (Microsoft.Extensions.DependencyInjection.ServiceLookup.<fd845d3f-5554-448e-8276-c390248dec8b>ServiceCallSite callSite, Microsoft.Extensions.DependencyInjection.ServiceLookup.<fd845d3f-5554-448e-8276-c390248dec8b>RuntimeResolverContext context) [0x00061] in <2370cefae74842df9eff2bc38df7450a>:0 
  at Microsoft.Extensions.DependencyInjection.ServiceLookup.<fd845d3f-5554-448e-8276-c390248dec8b>CallSiteVisitor`2[TArgument,TResult].VisitCallSite (Microsoft.Extensions.DependencyInjection.ServiceLookup.<fd845d3f-5554-448e-8276-c390248dec8b>ServiceCallSite callSite, TArgument argument) [0x0004f] in <2370cefae74842df9eff2bc38df7450a>:0 
  at Microsoft.Extensions.DependencyInjection.ServiceLookup.<fd845d3f-5554-448e-8276-c390248dec8b>CallSiteRuntimeResolver.Resolve (Microsoft.Extensions.DependencyInjection.ServiceLookup.<fd845d3f-5554-448e-8276-c390248dec8b>ServiceCallSite callSite, Microsoft.Extensions.DependencyInjection.ServiceLookup.<fd845d3f-5554-448e-8276-c390248dec8b>ServiceProviderEngineScope scope) [0x00026] in <2370cefae74842df9eff2bc38df7450a>:0 
  at Microsoft.Extensions.DependencyInjection.<fd845d3f-5554-448e-8276-c390248dec8b>ServiceProvider.CreateServiceAccessor (Microsoft.Extensions.DependencyInjection.ServiceLookup.<fd845d3f-5554-448e-8276-c390248dec8b>ServiceIdentifier serviceIdentifier) [0x00055] in <2370cefae74842df9eff2bc38df7450a>:0 
  at System.Collections.Concurrent.ConcurrentDictionary`2[TKey,TValue].GetOrAdd (TKey key, System.Func`2[T,TResult] valueFactory) [0x00034] in <1071a2cb0cb3433aae80a793c277a048>:0 
  at Microsoft.Extensions.DependencyInjection.<fd845d3f-5554-448e-8276-c390248dec8b>ServiceProvider.GetService (Microsoft.Extensions.DependencyInjection.ServiceLookup.<fd845d3f-5554-448e-8276-c390248dec8b>ServiceIdentifier serviceIdentifier, Microsoft.Extensions.DependencyInjection.ServiceLookup.<fd845d3f-5554-448e-8276-c390248dec8b>ServiceProviderEngineScope serviceProviderEngineScope) [0x0000d] in <2370cefae74842df9eff2bc38df7450a>:0 
  at Microsoft.Extensions.DependencyInjection.ServiceLookup.<fd845d3f-5554-448e-8276-c390248dec8b>ServiceProviderEngineScope.GetService (System.Type serviceType) [0x00019] in <2370cefae74842df9eff2bc38df7450a>:0 
  at Microsoft.Extensions.DependencyInjection.<03239ec6-c58a-4857-9007-88b5ce2571b7>ServiceProviderServiceExtensions.GetRequiredService (System.IServiceProvider provider, System.Type serviceType) [0x00028] in <2370cefae74842df9eff2bc38df7450a>:0 
  at Microsoft.Extensions.DependencyInjection.<03239ec6-c58a-4857-9007-88b5ce2571b7>ServiceProviderServiceExtensions.GetRequiredService[T] (System.IServiceProvider provider) [0x0000b] in <2370cefae74842df9eff2bc38df7450a>:0 
  at Serilog.<bd0e39ce-cb78-4e01-b06d-080935c10262>SerilogServiceCollectionExtensions+<>c__DisplayClass3_0.<AddSerilog>b__2 (System.IServiceProvider services) [0x00000] in <2370cefae74842df9eff2bc38df7450a>:0 
  at Microsoft.Extensions.DependencyInjection.ServiceLookup.<fd845d3f-5554-448e-8276-c390248dec8b>CallSiteRuntimeResolver.VisitFactory (Microsoft.Extensions.DependencyInjection.ServiceLookup.<fd845d3f-5554-448e-8276-c390248dec8b>FactoryCallSite factoryCallSite, Microsoft.Extensions.DependencyInjection.ServiceLookup.<fd845d3f-5554-448e-8276-c390248dec8b>RuntimeResolverContext context) [0x0000d] in <2370cefae74842df9eff2bc38df7450a>:0 
  at Microsoft.Extensions.DependencyInjection.ServiceLookup.<fd845d3f-5554-448e-8276-c390248dec8b>CallSiteVisitor`2[TArgument,TResult].VisitCallSiteMain (Microsoft.Extensions.DependencyInjection.ServiceLookup.<fd845d3f-5554-448e-8276-c390248dec8b>ServiceCallSite callSite, TArgument argument) [0x00023] in <2370cefae74842df9eff2bc38df7450a>:0 
  at Microsoft.Extensions.DependencyInjection.ServiceLookup.<fd845d3f-5554-448e-8276-c390248dec8b>CallSiteRuntimeResolver.VisitRootCache (Microsoft.Extensions.DependencyInjection.ServiceLookup.<fd845d3f-5554-448e-8276-c390248dec8b>ServiceCallSite callSite, Microsoft.Extensions.DependencyInjection.ServiceLookup.<fd845d3f-5554-448e-8276-c390248dec8b>RuntimeResolverContext context) [0x00061] in <2370cefae74842df9eff2bc38df7450a>:0 
  at Microsoft.Extensions.DependencyInjection.ServiceLookup.<fd845d3f-5554-448e-8276-c390248dec8b>CallSiteVisitor`2[TArgument,TResult].VisitCallSite (Microsoft.Extensions.DependencyInjection.ServiceLookup.<fd845d3f-5554-448e-8276-c390248dec8b>ServiceCallSite callSite, TArgument argument) [0x0004f] in <2370cefae74842df9eff2bc38df7450a>:0 
  at Microsoft.Extensions.DependencyInjection.ServiceLookup.<fd845d3f-5554-448e-8276-c390248dec8b>CallSiteRuntimeResolver.VisitConstructor (Microsoft.Extensions.DependencyInjection.ServiceLookup.<fd845d3f-5554-448e-8276-c390248dec8b>ConstructorCallSite constructorCallSite, Microsoft.Extensions.DependencyInjection.ServiceLookup.<fd845d3f-5554-448e-8276-c390248dec8b>RuntimeResolverContext context) [0x0002c] in <2370cefae74842df9eff2bc38df7450a>:0 
  at Microsoft.Extensions.DependencyInjection.ServiceLookup.<fd845d3f-5554-448e-8276-c390248dec8b>CallSiteVisitor`2[TArgument,TResult].VisitCallSiteMain (Microsoft.Extensions.DependencyInjection.ServiceLookup.<fd845d3f-5554-448e-8276-c390248dec8b>ServiceCallSite callSite, TArgument argument) [0x0003f] in <2370cefae74842df9eff2bc38df7450a>:0 
  at Microsoft.Extensions.DependencyInjection.ServiceLookup.<fd845d3f-5554-448e-8276-c390248dec8b>CallSiteRuntimeResolver.VisitRootCache (Microsoft.Extensions.DependencyInjection.ServiceLookup.<fd845d3f-5554-448e-8276-c390248dec8b>ServiceCallSite callSite, Microsoft.Extensions.DependencyInjection.ServiceLookup.<fd845d3f-5554-448e-8276-c390248dec8b>RuntimeResolverContext context) [0x00061] in <2370cefae74842df9eff2bc38df7450a>:0 
  at Microsoft.Extensions.DependencyInjection.ServiceLookup.<fd845d3f-5554-448e-8276-c390248dec8b>CallSiteVisitor`2[TArgument,TResult].VisitCallSite (Microsoft.Extensions.DependencyInjection.ServiceLookup.<fd845d3f-5554-448e-8276-c390248dec8b>ServiceCallSite callSite, TArgument argument) [0x0004f] in <2370cefae74842df9eff2bc38df7450a>:0 
  at Microsoft.Extensions.DependencyInjection.ServiceLookup.<fd845d3f-5554-448e-8276-c390248dec8b>CallSiteRuntimeResolver.Resolve (Microsoft.Extensions.DependencyInjection.ServiceLookup.<fd845d3f-5554-448e-8276-c390248dec8b>ServiceCallSite callSite, Microsoft.Extensions.DependencyInjection.ServiceLookup.<fd845d3f-5554-448e-8276-c390248dec8b>ServiceProviderEngineScope scope) [0x00026] in <2370cefae74842df9eff2bc38df7450a>:0 
  at Microsoft.Extensions.DependencyInjection.<fd845d3f-5554-448e-8276-c390248dec8b>ServiceProvider.CreateServiceAccessor (Microsoft.Extensions.DependencyInjection.ServiceLookup.<fd845d3f-5554-448e-8276-c390248dec8b>ServiceIdentifier serviceIdentifier) [0x00055] in <2370cefae74842df9eff2bc38df7450a>:0 
  at System.Collections.Concurrent.ConcurrentDictionary`2[TKey,TValue].GetOrAdd (TKey key, System.Func`2[T,TResult] valueFactory) [0x00034] in <1071a2cb0cb3433aae80a793c277a048>:0 
  at Microsoft.Extensions.DependencyInjection.<fd845d3f-5554-448e-8276-c390248dec8b>ServiceProvider.GetService (Microsoft.Extensions.DependencyInjection.ServiceLookup.<fd845d3f-5554-448e-8276-c390248dec8b>ServiceIdentifier serviceIdentifier, Microsoft.Extensions.DependencyInjection.ServiceLookup.<fd845d3f-5554-448e-8276-c390248dec8b>ServiceProviderEngineScope serviceProviderEngineScope) [0x0000d] in <2370cefae74842df9eff2bc38df7450a>:0 
  at Microsoft.Extensions.DependencyInjection.<fd845d3f-5554-448e-8276-c390248dec8b>ServiceProvider.GetService (System.Type serviceType) [0x0000d] in <2370cefae74842df9eff2bc38df7450a>:0 
  at Microsoft.Extensions.DependencyInjection.<03239ec6-c58a-4857-9007-88b5ce2571b7>ServiceProviderServiceExtensions.GetRequiredService (System.IServiceProvider provider, System.Type serviceType) [0x00028] in <2370cefae74842df9eff2bc38df7450a>:0 
  at Microsoft.Extensions.DependencyInjection.<03239ec6-c58a-4857-9007-88b5ce2571b7>ServiceProviderServiceExtensions.GetRequiredService[T] (System.IServiceProvider provider) [0x0000b] in <2370cefae74842df9eff2bc38df7450a>:0 
  at Coplay.DependencyInjection.RootScopeServices..cctor () [0x00019] in <2370cefae74842df9eff2bc38df7450a>:0 
UnityEngine.StackTraceUtility:ExtractStackTrace ()
UnityEngine.DebugLogHandler:LogFormat (UnityEngine.LogType,UnityEngine.Object,string,object[])
UnityEngine.Logger:Log (UnityEngine.LogType,object)
UnityEngine.Debug:LogError (object)
UnityEditor.EditorAssemblies:ProcessInitializeOnLoadAttributes (System.Type[])

Mono: successfully reloaded assembly
- Finished resetting the current domain, in 34.515 seconds
Domain Reload Profiling: 43803ms
	BeginReloadAssembly (277ms)
		ExecutionOrderSort (0ms)
		DisableScriptedObjects (5ms)
		BackupInstance (0ms)
		ReleaseScriptingObjects (0ms)
		CreateAndSetChildDomain (92ms)
	RebuildCommonClasses (30ms)
	RebuildNativeTypeToScriptingClass (8ms)
	initialDomainReloadingComplete (40ms)
	LoadAllAssembliesAndSetupDomain (8933ms)
		LoadAssemblies (9032ms)
		RebuildTransferFunctionScriptingTraits (0ms)
		AnalyzeDomain (44ms)
			TypeCache.Refresh (13ms)
				TypeCache.ScanAssembly (2ms)
			ScanForSourceGeneratedMonoScriptInfo (19ms)
			ResolveRequiredComponents (10ms)
	FinalizeReload (34516ms)
		ReleaseScriptCaches (0ms)
		RebuildScriptCaches (0ms)
		SetupLoadedEditorAssemblies (1398ms)
			LogAssemblyErrors (0ms)
			InitializePlatformSupportModulesInManaged (5ms)
			SetLoadedEditorAssemblies (3ms)
			RefreshPlugins (0ms)
			BeforeProcessingInitializeOnLoad (73ms)
			ProcessInitializeOnLoadAttributes (1251ms)
			ProcessInitializeOnLoadMethodAttributes (61ms)
			AfterProcessingInitializeOnLoad (5ms)
			EditorAssembliesLoaded (0ms)
		ExecutionOrderSort2 (0ms)
		AwakeInstancesAfterBackupRestoration (15ms)
Refreshing native plugins compatible for Editor in 5.49 ms, found 4 plugins.
Preloading 0 native plugins for Editor in 0.00 ms.
Unloading 6476 Unused Serialized files (Serialized files now loaded: 0)
Unloading 22 unused Assets / (387.6 KB). Loaded Objects now: 7188.
Memory consumption went from 230.1 MB to 229.7 MB.
Total: 3.656600 ms (FindLiveObjects: 0.372200 ms CreateObjectMapping: 0.229600 ms MarkObjects: 2.968000 ms  DeleteObjects: 0.086000 ms)

Prepare: number of updated asset objects reloaded= 0
AssetImportParameters requested are different than current active one (requested -> active):
  custom:container-demuxer-ogg: 62fdf1f143b41e24485cea50d1cbac27 -> 
  custom:scripting/monoscript/fileName/DuraklatmaMenusu.cs: 6ff4bf62e19c5224a16988dead8dd79f -> 
  custom:framework-win-MediaFoundation: 216162199b28c13a410421893ffa2e32 -> 
  custom:container-muxer-webm: aa71ff27fc2769a1b78a27578f13a17b -> 
  custom:video-decoder-webm-vp8: 9c59270c3fd7afecdb556c50c9e8de78 -> 
  custom:SearchIndexIgnoredProperties: e643bd26f0fe6173181afceb89e7c659 -> 
  custom:AudioImporter_EditorPlatform: d09bf68614088b80899f8185d706f6e7 -> 
  custom:audio-decoder-ogg-vorbis: bf7c407c2cedff20999df2af8eb42d56 -> 
  custom:audio-encoder-webm-vorbis: bf7c407c2cedff20999df2af8eb42d56 -> 
  custom:scripting/precompiled-assembly-types:Assembly-CSharp: 10955337a17f4c38e199d634f4978e6d -> 81073f5cb8e3c9d499357fa91050c08b
  custom:video-codec-MediaFoundation-h265: 746d11721c4dcdbdad8f713fa42b33f4 -> 
  custom:video-decoder-ogg-theora: a1e56fd34408186e4bbccfd4996cb3dc -> 
  custom:CustomObjectIndexerAttribute: 72b91833f83ae208fae7752999fa3104 -> 
  custom:container-demuxer-webm: 4f35f7cbe854078d1ac9338744f61a02 -> 
  custom:video-encoder-webm-vp8: eb34c28f22e8b96e1ab97ce403110664 -> 
========================================================================
Received Prepare
Caller must complete domain reload
Begin MonoManager ReloadAssembly
- Loaded All Assemblies, in  1.151 seconds
Native extension for UWP target not found
Native extension for WindowsStandalone target not found
[Package Manager] Server::EnsureServerProcessIsRunning -- launch failed, reason: Unity was launched with the -noUpm command-line argument
[Package Manager] UpmClient::Send -- Unable to send message (not connected to UPM process).
[Package Manager] Cannot connect to Unity Package Manager local server
System.InvalidOperationException: Could not determine the Coplay plugin installation path.
  at Coplay.Services.ApplicationPaths..ctor (System.IO.Abstractions.<bb65ca26-0720-4eb0-b5ec-28e5e773a611>IFileSystem fileSystem, System.String dataPath) [0x001a7] in <2370cefae74842df9eff2bc38df7450a>:0 
  at Coplay.Services.ApplicationPaths..ctor () [0x0000b] in <2370cefae74842df9eff2bc38df7450a>:0 
  at (wrapper managed-to-native) System.Reflection.RuntimeConstructorInfo.InternalInvoke(System.Reflection.RuntimeConstructorInfo,object,object[],System.Exception&)
  at System.Reflection.RuntimeConstructorInfo.InternalInvoke (System.Object obj, System.Object[] parameters, System.Boolean wrapExceptions) [0x0001b] in <1071a2cb0cb3433aae80a793c277a048>:0 
  at System.Reflection.RuntimeConstructorInfo.DoInvoke (System.Object obj, System.Reflection.BindingFlags invokeAttr, System.Reflection.Binder binder, System.Object[] parameters, System.Globalization.CultureInfo culture) [0x00086] in <1071a2cb0cb3433aae80a793c277a048>:0 
  at System.Reflection.RuntimeConstructorInfo.Invoke (System.Reflection.BindingFlags invokeAttr, System.Reflection.Binder binder, System.Object[] parameters, System.Globalization.CultureInfo culture) [0x00000] in <1071a2cb0cb3433aae80a793c277a048>:0 
  at Microsoft.Extensions.DependencyInjection.ServiceLookup.<fd845d3f-5554-448e-8276-c390248dec8b>CallSiteRuntimeResolver.VisitConstructor (Microsoft.Extensions.DependencyInjection.ServiceLookup.<fd845d3f-5554-448e-8276-c390248dec8b>ConstructorCallSite constructorCallSite, Microsoft.Extensions.DependencyInjection.ServiceLookup.<fd845d3f-5554-448e-8276-c390248dec8b>RuntimeResolverContext context) [0x00045] in <2370cefae74842df9eff2bc38df7450a>:0 
  at Microsoft.Extensions.DependencyInjection.ServiceLookup.<fd845d3f-5554-448e-8276-c390248dec8b>CallSiteVisitor`2[TArgument,TResult].VisitCallSiteMain (Microsoft.Extensions.DependencyInjection.ServiceLookup.<fd845d3f-5554-448e-8276-c390248dec8b>ServiceCallSite callSite, TArgument argument) [0x0003f] in <2370cefae74842df9eff2bc38df7450a>:0 
  at Microsoft.Extensions.DependencyInjection.ServiceLookup.<fd845d3f-5554-448e-8276-c390248dec8b>CallSiteRuntimeResolver.VisitRootCache (Microsoft.Extensions.DependencyInjection.ServiceLookup.<fd845d3f-5554-448e-8276-c390248dec8b>ServiceCallSite callSite, Microsoft.Extensions.DependencyInjection.ServiceLookup.<fd845d3f-5554-448e-8276-c390248dec8b>RuntimeResolverContext context) [0x00061] in <2370cefae74842df9eff2bc38df7450a>:0 
  at Microsoft.Extensions.DependencyInjection.ServiceLookup.<fd845d3f-5554-448e-8276-c390248dec8b>CallSiteVisitor`2[TArgument,TResult].VisitCallSite (Microsoft.Extensions.DependencyInjection.ServiceLookup.<fd845d3f-5554-448e-8276-c390248dec8b>ServiceCallSite callSite, TArgument argument) [0x0004f] in <2370cefae74842df9eff2bc38df7450a>:0 
  at Microsoft.Extensions.DependencyInjection.ServiceLookup.<fd845d3f-5554-448e-8276-c390248dec8b>CallSiteRuntimeResolver.Resolve (Microsoft.Extensions.DependencyInjection.ServiceLookup.<fd845d3f-5554-448e-8276-c390248dec8b>ServiceCallSite callSite, Microsoft.Extensions.DependencyInjection.ServiceLookup.<fd845d3f-5554-448e-8276-c390248dec8b>ServiceProviderEngineScope scope) [0x00026] in <2370cefae74842df9eff2bc38df7450a>:0 
  at Microsoft.Extensions.DependencyInjection.<fd845d3f-5554-448e-8276-c390248dec8b>ServiceProvider.CreateServiceAccessor (Microsoft.Extensions.DependencyInjection.ServiceLookup.<fd845d3f-5554-448e-8276-c390248dec8b>ServiceIdentifier serviceIdentifier) [0x00055] in <2370cefae74842df9eff2bc38df7450a>:0 
  at System.Collections.Concurrent.ConcurrentDictionary`2[TKey,TValue].GetOrAdd (TKey key, System.Func`2[T,TResult] valueFactory) [0x00034] in <1071a2cb0cb3433aae80a793c277a048>:0 
  at Microsoft.Extensions.DependencyInjection.<fd845d3f-5554-448e-8276-c390248dec8b>ServiceProvider.GetService (Microsoft.Extensions.DependencyInjection.ServiceLookup.<fd845d3f-5554-448e-8276-c390248dec8b>ServiceIdentifier serviceIdentifier, Microsoft.Extensions.DependencyInjection.ServiceLookup.<fd845d3f-5554-448e-8276-c390248dec8b>ServiceProviderEngineScope serviceProviderEngineScope) [0x0000d] in <2370cefae74842df9eff2bc38df7450a>:0 
  at Microsoft.Extensions.DependencyInjection.ServiceLookup.<fd845d3f-5554-448e-8276-c390248dec8b>ServiceProviderEngineScope.GetService (System.Type serviceType) [0x00019] in <2370cefae74842df9eff2bc38df7450a>:0 
  at Microsoft.Extensions.DependencyInjection.<03239ec6-c58a-4857-9007-88b5ce2571b7>ServiceProviderServiceExtensions.GetRequiredService (System.IServiceProvider provider, System.Type serviceType) [0x00028] in <2370cefae74842df9eff2bc38df7450a>:0 
  at Microsoft.Extensions.DependencyInjection.<03239ec6-c58a-4857-9007-88b5ce2571b7>ServiceProviderServiceExtensions.GetRequiredService[T] (System.IServiceProvider provider) [0x0000b] in <2370cefae74842df9eff2bc38df7450a>:0 
  at Coplay.Common.Logging.CoplayLoggerConfiguration+<>c__DisplayClass0_0.<AddCoplayLogging>b__0 (System.IServiceProvider provider, Serilog.<a4b2d26e-ac3b-4054-9a6c-5e3ce9a96c0b>LoggerConfiguration configuration) [0x00006] in <2370cefae74842df9eff2bc38df7450a>:0 
  at Serilog.<bd0e39ce-cb78-4e01-b06d-080935c10262>SerilogServiceCollectionExtensions+<>c__DisplayClass3_0.<AddSerilog>b__0 (System.IServiceProvider services) [0x00063] in <2370cefae74842df9eff2bc38df7450a>:0 
  at Microsoft.Extensions.DependencyInjection.ServiceLookup.<fd845d3f-5554-448e-8276-c390248dec8b>CallSiteRuntimeResolver.VisitFactory (Microsoft.Extensions.DependencyInjection.ServiceLookup.<fd845d3f-5554-448e-8276-c390248dec8b>FactoryCallSite factoryCallSite, Microsoft.Extensions.DependencyInjection.ServiceLookup.<fd845d3f-5554-448e-8276-c390248dec8b>RuntimeResolverContext context) [0x0000d] in <2370cefae74842df9eff2bc38df7450a>:0 
  at Microsoft.Extensions.DependencyInjection.ServiceLookup.<fd845d3f-5554-448e-8276-c390248dec8b>CallSiteVisitor`2[TArgument,TResult].VisitCallSiteMain (Microsoft.Extensions.DependencyInjection.ServiceLookup.<fd845d3f-5554-448e-8276-c390248dec8b>ServiceCallSite callSite, TArgument argument) [0x00023] in <2370cefae74842df9eff2bc38df7450a>:0 
  at Microsoft.Extensions.DependencyInjection.ServiceLookup.<fd845d3f-5554-448e-8276-c390248dec8b>CallSiteRuntimeResolver.VisitRootCache (Microsoft.Extensions.DependencyInjection.ServiceLookup.<fd845d3f-5554-448e-8276-c390248dec8b>ServiceCallSite callSite, Microsoft.Extensions.DependencyInjection.ServiceLookup.<fd845d3f-5554-448e-8276-c390248dec8b>RuntimeResolverContext context) [0x00061] in <2370cefae74842df9eff2bc38df7450a>:0 
  at Microsoft.Extensions.DependencyInjection.ServiceLookup.<fd845d3f-5554-448e-8276-c390248dec8b>CallSiteVisitor`2[TArgument,TResult].VisitCallSite (Microsoft.Extensions.DependencyInjection.ServiceLookup.<fd845d3f-5554-448e-8276-c390248dec8b>ServiceCallSite callSite, TArgument argument) [0x0004f] in <2370cefae74842df9eff2bc38df7450a>:0 
  at Microsoft.Extensions.DependencyInjection.ServiceLookup.<fd845d3f-5554-448e-8276-c390248dec8b>CallSiteRuntimeResolver.Resolve (Microsoft.Extensions.DependencyInjection.ServiceLookup.<fd845d3f-5554-448e-8276-c390248dec8b>ServiceCallSite callSite, Microsoft.Extensions.DependencyInjection.ServiceLookup.<fd845d3f-5554-448e-8276-c390248dec8b>ServiceProviderEngineScope scope) [0x00026] in <2370cefae74842df9eff2bc38df7450a>:0 
  at Microsoft.Extensions.DependencyInjection.<fd845d3f-5554-448e-8276-c390248dec8b>ServiceProvider.CreateServiceAccessor (Microsoft.Extensions.DependencyInjection.ServiceLookup.<fd845d3f-5554-448e-8276-c390248dec8b>ServiceIdentifier serviceIdentifier) [0x00055] in <2370cefae74842df9eff2bc38df7450a>:0 
  at System.Collections.Concurrent.ConcurrentDictionary`2[TKey,TValue].GetOrAdd (TKey key, System.Func`2[T,TResult] valueFactory) [0x00034] in <1071a2cb0cb3433aae80a793c277a048>:0 
  at Microsoft.Extensions.DependencyInjection.<fd845d3f-5554-448e-8276-c390248dec8b>ServiceProvider.GetService (Microsoft.Extensions.DependencyInjection.ServiceLookup.<fd845d3f-5554-448e-8276-c390248dec8b>ServiceIdentifier serviceIdentifier, Microsoft.Extensions.DependencyInjection.ServiceLookup.<fd845d3f-5554-448e-8276-c390248dec8b>ServiceProviderEngineScope serviceProviderEngineScope) [0x0000d] in <2370cefae74842df9eff2bc38df7450a>:0 
  at Microsoft.Extensions.DependencyInjection.ServiceLookup.<fd845d3f-5554-448e-8276-c390248dec8b>ServiceProviderEngineScope.GetService (System.Type serviceType) [0x00019] in <2370cefae74842df9eff2bc38df7450a>:0 
  at Microsoft.Extensions.DependencyInjection.<03239ec6-c58a-4857-9007-88b5ce2571b7>ServiceProviderServiceExtensions.GetRequiredService (System.IServiceProvider provider, System.Type serviceType) [0x00028] in <2370cefae74842df9eff2bc38df7450a>:0 
  at Microsoft.Extensions.DependencyInjection.<03239ec6-c58a-4857-9007-88b5ce2571b7>ServiceProviderServiceExtensions.GetRequiredService[T] (System.IServiceProvider provider) [0x0000b] in <2370cefae74842df9eff2bc38df7450a>:0 
  at Serilog.<bd0e39ce-cb78-4e01-b06d-080935c10262>SerilogServiceCollectionExtensions+<>c__DisplayClass3_0.<AddSerilog>b__2 (System.IServiceProvider services) [0x00000] in <2370cefae74842df9eff2bc38df7450a>:0 
  at Microsoft.Extensions.DependencyInjection.ServiceLookup.<fd845d3f-5554-448e-8276-c390248dec8b>CallSiteRuntimeResolver.VisitFactory (Microsoft.Extensions.DependencyInjection.ServiceLookup.<fd845d3f-5554-448e-8276-c390248dec8b>FactoryCallSite factoryCallSite, Microsoft.Extensions.DependencyInjection.ServiceLookup.<fd845d3f-5554-448e-8276-c390248dec8b>RuntimeResolverContext context) [0x0000d] in <2370cefae74842df9eff2bc38df7450a>:0 
  at Microsoft.Extensions.DependencyInjection.ServiceLookup.<fd845d3f-5554-448e-8276-c390248dec8b>CallSiteVisitor`2[TArgument,TResult].VisitCallSiteMain (Microsoft.Extensions.DependencyInjection.ServiceLookup.<fd845d3f-5554-448e-8276-c390248dec8b>ServiceCallSite callSite, TArgument argument) [0x00023] in <2370cefae74842df9eff2bc38df7450a>:0 
  at Microsoft.Extensions.DependencyInjection.ServiceLookup.<fd845d3f-5554-448e-8276-c390248dec8b>CallSiteRuntimeResolver.VisitRootCache (Microsoft.Extensions.DependencyInjection.ServiceLookup.<fd845d3f-5554-448e-8276-c390248dec8b>ServiceCallSite callSite, Microsoft.Extensions.DependencyInjection.ServiceLookup.<fd845d3f-5554-448e-8276-c390248dec8b>RuntimeResolverContext context) [0x00061] in <2370cefae74842df9eff2bc38df7450a>:0 
  at Microsoft.Extensions.DependencyInjection.ServiceLookup.<fd845d3f-5554-448e-8276-c390248dec8b>CallSiteVisitor`2[TArgument,TResult].VisitCallSite (Microsoft.Extensions.DependencyInjection.ServiceLookup.<fd845d3f-5554-448e-8276-c390248dec8b>ServiceCallSite callSite, TArgument argument) [0x0004f] in <2370cefae74842df9eff2bc38df7450a>:0 
  at Microsoft.Extensions.DependencyInjection.ServiceLookup.<fd845d3f-5554-448e-8276-c390248dec8b>CallSiteRuntimeResolver.VisitConstructor (Microsoft.Extensions.DependencyInjection.ServiceLookup.<fd845d3f-5554-448e-8276-c390248dec8b>ConstructorCallSite constructorCallSite, Microsoft.Extensions.DependencyInjection.ServiceLookup.<fd845d3f-5554-448e-8276-c390248dec8b>RuntimeResolverContext context) [0x0002c] in <2370cefae74842df9eff2bc38df7450a>:0 
  at Microsoft.Extensions.DependencyInjection.ServiceLookup.<fd845d3f-5554-448e-8276-c390248dec8b>CallSiteVisitor`2[TArgument,TResult].VisitCallSiteMain (Microsoft.Extensions.DependencyInjection.ServiceLookup.<fd845d3f-5554-448e-8276-c390248dec8b>ServiceCallSite callSite, TArgument argument) [0x0003f] in <2370cefae74842df9eff2bc38df7450a>:0 
  at Microsoft.Extensions.DependencyInjection.ServiceLookup.<fd845d3f-5554-448e-8276-c390248dec8b>CallSiteRuntimeResolver.VisitRootCache (Microsoft.Extensions.DependencyInjection.ServiceLookup.<fd845d3f-5554-448e-8276-c390248dec8b>ServiceCallSite callSite, Microsoft.Extensions.DependencyInjection.ServiceLookup.<fd845d3f-5554-448e-8276-c390248dec8b>RuntimeResolverContext context) [0x00061] in <2370cefae74842df9eff2bc38df7450a>:0 
  at Microsoft.Extensions.DependencyInjection.ServiceLookup.<fd845d3f-5554-448e-8276-c390248dec8b>CallSiteVisitor`2[TArgument,TResult].VisitCallSite (Microsoft.Extensions.DependencyInjection.ServiceLookup.<fd845d3f-5554-448e-8276-c390248dec8b>ServiceCallSite callSite, TArgument argument) [0x0004f] in <2370cefae74842df9eff2bc38df7450a>:0 
  at Microsoft.Extensions.DependencyInjection.ServiceLookup.<fd845d3f-5554-448e-8276-c390248dec8b>CallSiteRuntimeResolver.Resolve (Microsoft.Extensions.DependencyInjection.ServiceLookup.<fd845d3f-5554-448e-8276-c390248dec8b>ServiceCallSite callSite, Microsoft.Extensions.DependencyInjection.ServiceLookup.<fd845d3f-5554-448e-8276-c390248dec8b>ServiceProviderEngineScope scope) [0x00026] in <2370cefae74842df9eff2bc38df7450a>:0 
  at Microsoft.Extensions.DependencyInjection.<fd845d3f-5554-448e-8276-c390248dec8b>ServiceProvider.CreateServiceAccessor (Microsoft.Extensions.DependencyInjection.ServiceLookup.<fd845d3f-5554-448e-8276-c390248dec8b>ServiceIdentifier serviceIdentifier) [0x00055] in <2370cefae74842df9eff2bc38df7450a>:0 
  at System.Collections.Concurrent.ConcurrentDictionary`2[TKey,TValue].GetOrAdd (TKey key, System.Func`2[T,TResult] valueFactory) [0x00034] in <1071a2cb0cb3433aae80a793c277a048>:0 
  at Microsoft.Extensions.DependencyInjection.<fd845d3f-5554-448e-8276-c390248dec8b>ServiceProvider.GetService (Microsoft.Extensions.DependencyInjection.ServiceLookup.<fd845d3f-5554-448e-8276-c390248dec8b>ServiceIdentifier serviceIdentifier, Microsoft.Extensions.DependencyInjection.ServiceLookup.<fd845d3f-5554-448e-8276-c390248dec8b>ServiceProviderEngineScope serviceProviderEngineScope) [0x0000d] in <2370cefae74842df9eff2bc38df7450a>:0 
  at Microsoft.Extensions.DependencyInjection.<fd845d3f-5554-448e-8276-c390248dec8b>ServiceProvider.GetService (System.Type serviceType) [0x0000d] in <2370cefae74842df9eff2bc38df7450a>:0 
  at Microsoft.Extensions.DependencyInjection.<03239ec6-c58a-4857-9007-88b5ce2571b7>ServiceProviderServiceExtensions.GetRequiredService (System.IServiceProvider provider, System.Type serviceType) [0x00028] in <2370cefae74842df9eff2bc38df7450a>:0 
  at Microsoft.Extensions.DependencyInjection.<03239ec6-c58a-4857-9007-88b5ce2571b7>ServiceProviderServiceExtensions.GetRequiredService[T] (System.IServiceProvider provider) [0x0000b] in <2370cefae74842df9eff2bc38df7450a>:0 
  at Coplay.DependencyInjection.RootScopeServices..cctor () [0x00019] in <2370cefae74842df9eff2bc38df7450a>:0 
UnityEngine.StackTraceUtility:ExtractStackTrace ()
UnityEngine.DebugLogHandler:LogFormat (UnityEngine.LogType,UnityEngine.Object,string,object[])
UnityEngine.Logger:Log (UnityEngine.LogType,object)
UnityEngine.Debug:LogError (object)
UnityEditor.EditorAssemblies:ProcessInitializeOnLoadAttributes (System.Type[])

Mono: successfully reloaded assembly
- Finished resetting the current domain, in  3.638 seconds
Domain Reload Profiling: 4778ms
	BeginReloadAssembly (294ms)
		ExecutionOrderSort (0ms)
		DisableScriptedObjects (8ms)
		BackupInstance (0ms)
		ReleaseScriptingObjects (0ms)
		CreateAndSetChildDomain (81ms)
	RebuildCommonClasses (64ms)
	RebuildNativeTypeToScriptingClass (27ms)
	initialDomainReloadingComplete (97ms)
	LoadAllAssembliesAndSetupDomain (658ms)
		LoadAssemblies (721ms)
		RebuildTransferFunctionScriptingTraits (0ms)
		AnalyzeDomain (92ms)
			TypeCache.Refresh (23ms)
				TypeCache.ScanAssembly (5ms)
			ScanForSourceGeneratedMonoScriptInfo (41ms)
			ResolveRequiredComponents (25ms)
	FinalizeReload (3638ms)
		ReleaseScriptCaches (0ms)
		RebuildScriptCaches (0ms)
		SetupLoadedEditorAssemblies (1688ms)
			LogAssemblyErrors (0ms)
			InitializePlatformSupportModulesInManaged (15ms)
			SetLoadedEditorAssemblies (7ms)
			RefreshPlugins (0ms)
			BeforeProcessingInitializeOnLoad (231ms)
			ProcessInitializeOnLoadAttributes (1292ms)
			ProcessInitializeOnLoadMethodAttributes (127ms)
			AfterProcessingInitializeOnLoad (15ms)
			EditorAssembliesLoaded (1ms)
		ExecutionOrderSort2 (0ms)
		AwakeInstancesAfterBackupRestoration (24ms)
Refreshing native plugins compatible for Editor in 3.16 ms, found 4 plugins.
Preloading 0 native plugins for Editor in 0.00 ms.
Unloading 6476 Unused Serialized files (Serialized files now loaded: 0)
Unloading 22 unused Assets / (387.8 KB). Loaded Objects now: 7208.
Memory consumption went from 230.2 MB to 229.8 MB.
Total: 3.537600 ms (FindLiveObjects: 0.359100 ms CreateObjectMapping: 0.228700 ms MarkObjects: 2.849600 ms  DeleteObjects: 0.099000 ms)

Prepare: number of updated asset objects reloaded= 0
AssetImportParameters requested are different than current active one (requested -> active):
  custom:container-demuxer-ogg: 62fdf1f143b41e24485cea50d1cbac27 -> 
  custom:scripting/monoscript/fileName/DuraklatmaMenusu.cs: 6ff4bf62e19c5224a16988dead8dd79f -> 
  custom:framework-win-MediaFoundation: 216162199b28c13a410421893ffa2e32 -> 
  custom:container-muxer-webm: aa71ff27fc2769a1b78a27578f13a17b -> 
  custom:video-decoder-webm-vp8: 9c59270c3fd7afecdb556c50c9e8de78 -> 
  custom:SearchIndexIgnoredProperties: e643bd26f0fe6173181afceb89e7c659 -> 
  custom:AudioImporter_EditorPlatform: d09bf68614088b80899f8185d706f6e7 -> 
  custom:audio-decoder-ogg-vorbis: bf7c407c2cedff20999df2af8eb42d56 -> 
  custom:audio-encoder-webm-vorbis: bf7c407c2cedff20999df2af8eb42d56 -> 
  custom:scripting/precompiled-assembly-types:Assembly-CSharp: 10955337a17f4c38e199d634f4978e6d -> 81073f5cb8e3c9d499357fa91050c08b
  custom:video-codec-MediaFoundation-h265: 746d11721c4dcdbdad8f713fa42b33f4 -> 
  custom:video-decoder-ogg-theora: a1e56fd34408186e4bbccfd4996cb3dc -> 
  custom:CustomObjectIndexerAttribute: 72b91833f83ae208fae7752999fa3104 -> 
  custom:container-demuxer-webm: 4f35f7cbe854078d1ac9338744f61a02 -> 
  custom:video-encoder-webm-vp8: eb34c28f22e8b96e1ab97ce403110664 -> 
========================================================================
Received Prepare
Caller must complete domain reload
Begin MonoManager ReloadAssembly
- Loaded All Assemblies, in  0.492 seconds
Native extension for UWP target not found
Native extension for WindowsStandalone target not found
[Package Manager] Server::EnsureServerProcessIsRunning -- launch failed, reason: Unity was launched with the -noUpm command-line argument
[Package Manager] UpmClient::Send -- Unable to send message (not connected to UPM process).
[Package Manager] Cannot connect to Unity Package Manager local server
System.InvalidOperationException: Could not determine the Coplay plugin installation path.
  at Coplay.Services.ApplicationPaths..ctor (System.IO.Abstractions.<bb65ca26-0720-4eb0-b5ec-28e5e773a611>IFileSystem fileSystem, System.String dataPath) [0x001a7] in <2370cefae74842df9eff2bc38df7450a>:0 
  at Coplay.Services.ApplicationPaths..ctor () [0x0000b] in <2370cefae74842df9eff2bc38df7450a>:0 
  at (wrapper managed-to-native) System.Reflection.RuntimeConstructorInfo.InternalInvoke(System.Reflection.RuntimeConstructorInfo,object,object[],System.Exception&)
  at System.Reflection.RuntimeConstructorInfo.InternalInvoke (System.Object obj, System.Object[] parameters, System.Boolean wrapExceptions) [0x0001b] in <1071a2cb0cb3433aae80a793c277a048>:0 
  at System.Reflection.RuntimeConstructorInfo.DoInvoke (System.Object obj, System.Reflection.BindingFlags invokeAttr, System.Reflection.Binder binder, System.Object[] parameters, System.Globalization.CultureInfo culture) [0x00086] in <1071a2cb0cb3433aae80a793c277a048>:0 
  at System.Reflection.RuntimeConstructorInfo.Invoke (System.Reflection.BindingFlags invokeAttr, System.Reflection.Binder binder, System.Object[] parameters, System.Globalization.CultureInfo culture) [0x00000] in <1071a2cb0cb3433aae80a793c277a048>:0 
  at Microsoft.Extensions.DependencyInjection.ServiceLookup.<fd845d3f-5554-448e-8276-c390248dec8b>CallSiteRuntimeResolver.VisitConstructor (Microsoft.Extensions.DependencyInjection.ServiceLookup.<fd845d3f-5554-448e-8276-c390248dec8b>ConstructorCallSite constructorCallSite, Microsoft.Extensions.DependencyInjection.ServiceLookup.<fd845d3f-5554-448e-8276-c390248dec8b>RuntimeResolverContext context) [0x00045] in <2370cefae74842df9eff2bc38df7450a>:0 
  at Microsoft.Extensions.DependencyInjection.ServiceLookup.<fd845d3f-5554-448e-8276-c390248dec8b>CallSiteVisitor`2[TArgument,TResult].VisitCallSiteMain (Microsoft.Extensions.DependencyInjection.ServiceLookup.<fd845d3f-5554-448e-8276-c390248dec8b>ServiceCallSite callSite, TArgument argument) [0x0003f] in <2370cefae74842df9eff2bc38df7450a>:0 
  at Microsoft.Extensions.DependencyInjection.ServiceLookup.<fd845d3f-5554-448e-8276-c390248dec8b>CallSiteRuntimeResolver.VisitRootCache (Microsoft.Extensions.DependencyInjection.ServiceLookup.<fd845d3f-5554-448e-8276-c390248dec8b>ServiceCallSite callSite, Microsoft.Extensions.DependencyInjection.ServiceLookup.<fd845d3f-5554-448e-8276-c390248dec8b>RuntimeResolverContext context) [0x00061] in <2370cefae74842df9eff2bc38df7450a>:0 
  at Microsoft.Extensions.DependencyInjection.ServiceLookup.<fd845d3f-5554-448e-8276-c390248dec8b>CallSiteVisitor`2[TArgument,TResult].VisitCallSite (Microsoft.Extensions.DependencyInjection.ServiceLookup.<fd845d3f-5554-448e-8276-c390248dec8b>ServiceCallSite callSite, TArgument argument) [0x0004f] in <2370cefae74842df9eff2bc38df7450a>:0 
  at Microsoft.Extensions.DependencyInjection.ServiceLookup.<fd845d3f-5554-448e-8276-c390248dec8b>CallSiteRuntimeResolver.Resolve (Microsoft.Extensions.DependencyInjection.ServiceLookup.<fd845d3f-5554-448e-8276-c390248dec8b>ServiceCallSite callSite, Microsoft.Extensions.DependencyInjection.ServiceLookup.<fd845d3f-5554-448e-8276-c390248dec8b>ServiceProviderEngineScope scope) [0x00026] in <2370cefae74842df9eff2bc38df7450a>:0 
  at Microsoft.Extensions.DependencyInjection.<fd845d3f-5554-448e-8276-c390248dec8b>ServiceProvider.CreateServiceAccessor (Microsoft.Extensions.DependencyInjection.ServiceLookup.<fd845d3f-5554-448e-8276-c390248dec8b>ServiceIdentifier serviceIdentifier) [0x00055] in <2370cefae74842df9eff2bc38df7450a>:0 
  at System.Collections.Concurrent.ConcurrentDictionary`2[TKey,TValue].GetOrAdd (TKey key, System.Func`2[T,TResult] valueFactory) [0x00034] in <1071a2cb0cb3433aae80a793c277a048>:0 
  at Microsoft.Extensions.DependencyInjection.<fd845d3f-5554-448e-8276-c390248dec8b>ServiceProvider.GetService (Microsoft.Extensions.DependencyInjection.ServiceLookup.<fd845d3f-5554-448e-8276-c390248dec8b>ServiceIdentifier serviceIdentifier, Microsoft.Extensions.DependencyInjection.ServiceLookup.<fd845d3f-5554-448e-8276-c390248dec8b>ServiceProviderEngineScope serviceProviderEngineScope) [0x0000d] in <2370cefae74842df9eff2bc38df7450a>:0 
  at Microsoft.Extensions.DependencyInjection.ServiceLookup.<fd845d3f-5554-448e-8276-c390248dec8b>ServiceProviderEngineScope.GetService (System.Type serviceType) [0x00019] in <2370cefae74842df9eff2bc38df7450a>:0 
  at Microsoft.Extensions.DependencyInjection.<03239ec6-c58a-4857-9007-88b5ce2571b7>ServiceProviderServiceExtensions.GetRequiredService (System.IServiceProvider provider, System.Type serviceType) [0x00028] in <2370cefae74842df9eff2bc38df7450a>:0 
  at Microsoft.Extensions.DependencyInjection.<03239ec6-c58a-4857-9007-88b5ce2571b7>ServiceProviderServiceExtensions.GetRequiredService[T] (System.IServiceProvider provider) [0x0000b] in <2370cefae74842df9eff2bc38df7450a>:0 
  at Coplay.Common.Logging.CoplayLoggerConfiguration+<>c__DisplayClass0_0.<AddCoplayLogging>b__0 (System.IServiceProvider provider, Serilog.<a4b2d26e-ac3b-4054-9a6c-5e3ce9a96c0b>LoggerConfiguration configuration) [0x00006] in <2370cefae74842df9eff2bc38df7450a>:0 
  at Serilog.<bd0e39ce-cb78-4e01-b06d-080935c10262>SerilogServiceCollectionExtensions+<>c__DisplayClass3_0.<AddSerilog>b__0 (System.IServiceProvider services) [0x00063] in <2370cefae74842df9eff2bc38df7450a>:0 
  at Microsoft.Extensions.DependencyInjection.ServiceLookup.<fd845d3f-5554-448e-8276-c390248dec8b>CallSiteRuntimeResolver.VisitFactory (Microsoft.Extensions.DependencyInjection.ServiceLookup.<fd845d3f-5554-448e-8276-c390248dec8b>FactoryCallSite factoryCallSite, Microsoft.Extensions.DependencyInjection.ServiceLookup.<fd845d3f-5554-448e-8276-c390248dec8b>RuntimeResolverContext context) [0x0000d] in <2370cefae74842df9eff2bc38df7450a>:0 
  at Microsoft.Extensions.DependencyInjection.ServiceLookup.<fd845d3f-5554-448e-8276-c390248dec8b>CallSiteVisitor`2[TArgument,TResult].VisitCallSiteMain (Microsoft.Extensions.DependencyInjection.ServiceLookup.<fd845d3f-5554-448e-8276-c390248dec8b>ServiceCallSite callSite, TArgument argument) [0x00023] in <2370cefae74842df9eff2bc38df7450a>:0 
  at Microsoft.Extensions.DependencyInjection.ServiceLookup.<fd845d3f-5554-448e-8276-c390248dec8b>CallSiteRuntimeResolver.VisitRootCache (Microsoft.Extensions.DependencyInjection.ServiceLookup.<fd845d3f-5554-448e-8276-c390248dec8b>ServiceCallSite callSite, Microsoft.Extensions.DependencyInjection.ServiceLookup.<fd845d3f-5554-448e-8276-c390248dec8b>RuntimeResolverContext context) [0x00061] in <2370cefae74842df9eff2bc38df7450a>:0 
  at Microsoft.Extensions.DependencyInjection.ServiceLookup.<fd845d3f-5554-448e-8276-c390248dec8b>CallSiteVisitor`2[TArgument,TResult].VisitCallSite (Microsoft.Extensions.DependencyInjection.ServiceLookup.<fd845d3f-5554-448e-8276-c390248dec8b>ServiceCallSite callSite, TArgument argument) [0x0004f] in <2370cefae74842df9eff2bc38df7450a>:0 
  at Microsoft.Extensions.DependencyInjection.ServiceLookup.<fd845d3f-5554-448e-8276-c390248dec8b>CallSiteRuntimeResolver.Resolve (Microsoft.Extensions.DependencyInjection.ServiceLookup.<fd845d3f-5554-448e-8276-c390248dec8b>ServiceCallSite callSite, Microsoft.Extensions.DependencyInjection.ServiceLookup.<fd845d3f-5554-448e-8276-c390248dec8b>ServiceProviderEngineScope scope) [0x00026] in <2370cefae74842df9eff2bc38df7450a>:0 
  at Microsoft.Extensions.DependencyInjection.<fd845d3f-5554-448e-8276-c390248dec8b>ServiceProvider.CreateServiceAccessor (Microsoft.Extensions.DependencyInjection.ServiceLookup.<fd845d3f-5554-448e-8276-c390248dec8b>ServiceIdentifier serviceIdentifier) [0x00055] in <2370cefae74842df9eff2bc38df7450a>:0 
  at System.Collections.Concurrent.ConcurrentDictionary`2[TKey,TValue].GetOrAdd (TKey key, System.Func`2[T,TResult] valueFactory) [0x00034] in <1071a2cb0cb3433aae80a793c277a048>:0 
  at Microsoft.Extensions.DependencyInjection.<fd845d3f-5554-448e-8276-c390248dec8b>ServiceProvider.GetService (Microsoft.Extensions.DependencyInjection.ServiceLookup.<fd845d3f-5554-448e-8276-c390248dec8b>ServiceIdentifier serviceIdentifier, Microsoft.Extensions.DependencyInjection.ServiceLookup.<fd845d3f-5554-448e-8276-c390248dec8b>ServiceProviderEngineScope serviceProviderEngineScope) [0x0000d] in <2370cefae74842df9eff2bc38df7450a>:0 
  at Microsoft.Extensions.DependencyInjection.ServiceLookup.<fd845d3f-5554-448e-8276-c390248dec8b>ServiceProviderEngineScope.GetService (System.Type serviceType) [0x00019] in <2370cefae74842df9eff2bc38df7450a>:0 
  at Microsoft.Extensions.DependencyInjection.<03239ec6-c58a-4857-9007-88b5ce2571b7>ServiceProviderServiceExtensions.GetRequiredService (System.IServiceProvider provider, System.Type serviceType) [0x00028] in <2370cefae74842df9eff2bc38df7450a>:0 
  at Microsoft.Extensions.DependencyInjection.<03239ec6-c58a-4857-9007-88b5ce2571b7>ServiceProviderServiceExtensions.GetRequiredService[T] (System.IServiceProvider provider) [0x0000b] in <2370cefae74842df9eff2bc38df7450a>:0 
  at Serilog.<bd0e39ce-cb78-4e01-b06d-080935c10262>SerilogServiceCollectionExtensions+<>c__DisplayClass3_0.<AddSerilog>b__2 (System.IServiceProvider services) [0x00000] in <2370cefae74842df9eff2bc38df7450a>:0 
  at Microsoft.Extensions.DependencyInjection.ServiceLookup.<fd845d3f-5554-448e-8276-c390248dec8b>CallSiteRuntimeResolver.VisitFactory (Microsoft.Extensions.DependencyInjection.ServiceLookup.<fd845d3f-5554-448e-8276-c390248dec8b>FactoryCallSite factoryCallSite, Microsoft.Extensions.DependencyInjection.ServiceLookup.<fd845d3f-5554-448e-8276-c390248dec8b>RuntimeResolverContext context) [0x0000d] in <2370cefae74842df9eff2bc38df7450a>:0 
  at Microsoft.Extensions.DependencyInjection.ServiceLookup.<fd845d3f-5554-448e-8276-c390248dec8b>CallSiteVisitor`2[TArgument,TResult].VisitCallSiteMain (Microsoft.Extensions.DependencyInjection.ServiceLookup.<fd845d3f-5554-448e-8276-c390248dec8b>ServiceCallSite callSite, TArgument argument) [0x00023] in <2370cefae74842df9eff2bc38df7450a>:0 
  at Microsoft.Extensions.DependencyInjection.ServiceLookup.<fd845d3f-5554-448e-8276-c390248dec8b>CallSiteRuntimeResolver.VisitRootCache (Microsoft.Extensions.DependencyInjection.ServiceLookup.<fd845d3f-5554-448e-8276-c390248dec8b>ServiceCallSite callSite, Microsoft.Extensions.DependencyInjection.ServiceLookup.<fd845d3f-5554-448e-8276-c390248dec8b>RuntimeResolverContext context) [0x00061] in <2370cefae74842df9eff2bc38df7450a>:0 
  at Microsoft.Extensions.DependencyInjection.ServiceLookup.<fd845d3f-5554-448e-8276-c390248dec8b>CallSiteVisitor`2[TArgument,TResult].VisitCallSite (Microsoft.Extensions.DependencyInjection.ServiceLookup.<fd845d3f-5554-448e-8276-c390248dec8b>ServiceCallSite callSite, TArgument argument) [0x0004f] in <2370cefae74842df9eff2bc38df7450a>:0 
  at Microsoft.Extensions.DependencyInjection.ServiceLookup.<fd845d3f-5554-448e-8276-c390248dec8b>CallSiteRuntimeResolver.VisitConstructor (Microsoft.Extensions.DependencyInjection.ServiceLookup.<fd845d3f-5554-448e-8276-c390248dec8b>ConstructorCallSite constructorCallSite, Microsoft.Extensions.DependencyInjection.ServiceLookup.<fd845d3f-5554-448e-8276-c390248dec8b>RuntimeResolverContext context) [0x0002c] in <2370cefae74842df9eff2bc38df7450a>:0 
  at Microsoft.Extensions.DependencyInjection.ServiceLookup.<fd845d3f-5554-448e-8276-c390248dec8b>CallSiteVisitor`2[TArgument,TResult].VisitCallSiteMain (Microsoft.Extensions.DependencyInjection.ServiceLookup.<fd845d3f-5554-448e-8276-c390248dec8b>ServiceCallSite callSite, TArgument argument) [0x0003f] in <2370cefae74842df9eff2bc38df7450a>:0 
  at Microsoft.Extensions.DependencyInjection.ServiceLookup.<fd845d3f-5554-448e-8276-c390248dec8b>CallSiteRuntimeResolver.VisitRootCache (Microsoft.Extensions.DependencyInjection.ServiceLookup.<fd845d3f-5554-448e-8276-c390248dec8b>ServiceCallSite callSite, Microsoft.Extensions.DependencyInjection.ServiceLookup.<fd845d3f-5554-448e-8276-c390248dec8b>RuntimeResolverContext context) [0x00061] in <2370cefae74842df9eff2bc38df7450a>:0 
  at Microsoft.Extensions.DependencyInjection.ServiceLookup.<fd845d3f-5554-448e-8276-c390248dec8b>CallSiteVisitor`2[TArgument,TResult].VisitCallSite (Microsoft.Extensions.DependencyInjection.ServiceLookup.<fd845d3f-5554-448e-8276-c390248dec8b>ServiceCallSite callSite, TArgument argument) [0x0004f] in <2370cefae74842df9eff2bc38df7450a>:0 
  at Microsoft.Extensions.DependencyInjection.ServiceLookup.<fd845d3f-5554-448e-8276-c390248dec8b>CallSiteRuntimeResolver.Resolve (Microsoft.Extensions.DependencyInjection.ServiceLookup.<fd845d3f-5554-448e-8276-c390248dec8b>ServiceCallSite callSite, Microsoft.Extensions.DependencyInjection.ServiceLookup.<fd845d3f-5554-448e-8276-c390248dec8b>ServiceProviderEngineScope scope) [0x00026] in <2370cefae74842df9eff2bc38df7450a>:0 
  at Microsoft.Extensions.DependencyInjection.<fd845d3f-5554-448e-8276-c390248dec8b>ServiceProvider.CreateServiceAccessor (Microsoft.Extensions.DependencyInjection.ServiceLookup.<fd845d3f-5554-448e-8276-c390248dec8b>ServiceIdentifier serviceIdentifier) [0x00055] in <2370cefae74842df9eff2bc38df7450a>:0 
  at System.Collections.Concurrent.ConcurrentDictionary`2[TKey,TValue].GetOrAdd (TKey key, System.Func`2[T,TResult] valueFactory) [0x00034] in <1071a2cb0cb3433aae80a793c277a048>:0 
  at Microsoft.Extensions.DependencyInjection.<fd845d3f-5554-448e-8276-c390248dec8b>ServiceProvider.GetService (Microsoft.Extensions.DependencyInjection.ServiceLookup.<fd845d3f-5554-448e-8276-c390248dec8b>ServiceIdentifier serviceIdentifier, Microsoft.Extensions.DependencyInjection.ServiceLookup.<fd845d3f-5554-448e-8276-c390248dec8b>ServiceProviderEngineScope serviceProviderEngineScope) [0x0000d] in <2370cefae74842df9eff2bc38df7450a>:0 
  at Microsoft.Extensions.DependencyInjection.<fd845d3f-5554-448e-8276-c390248dec8b>ServiceProvider.GetService (System.Type serviceType) [0x0000d] in <2370cefae74842df9eff2bc38df7450a>:0 
  at Microsoft.Extensions.DependencyInjection.<03239ec6-c58a-4857-9007-88b5ce2571b7>ServiceProviderServiceExtensions.GetRequiredService (System.IServiceProvider provider, System.Type serviceType) [0x00028] in <2370cefae74842df9eff2bc38df7450a>:0 
  at Microsoft.Extensions.DependencyInjection.<03239ec6-c58a-4857-9007-88b5ce2571b7>ServiceProviderServiceExtensions.GetRequiredService[T] (System.IServiceProvider provider) [0x0000b] in <2370cefae74842df9eff2bc38df7450a>:0 
  at Coplay.DependencyInjection.RootScopeServices..cctor () [0x00019] in <2370cefae74842df9eff2bc38df7450a>:0 
UnityEngine.StackTraceUtility:ExtractStackTrace ()
UnityEngine.DebugLogHandler:LogFormat (UnityEngine.LogType,UnityEngine.Object,string,object[])
UnityEngine.Logger:Log (UnityEngine.LogType,object)
UnityEngine.Debug:LogError (object)
UnityEditor.EditorAssemblies:ProcessInitializeOnLoadAttributes (System.Type[])

Mono: successfully reloaded assembly
- Finished resetting the current domain, in  1.216 seconds
Domain Reload Profiling: 1706ms
	BeginReloadAssembly (133ms)
		ExecutionOrderSort (0ms)
		DisableScriptedObjects (3ms)
		BackupInstance (0ms)
		ReleaseScriptingObjects (0ms)
		CreateAndSetChildDomain (41ms)
	RebuildCommonClasses (24ms)
	RebuildNativeTypeToScriptingClass (8ms)
	initialDomainReloadingComplete (40ms)
	LoadAllAssembliesAndSetupDomain (285ms)
		LoadAssemblies (324ms)
		RebuildTransferFunctionScriptingTraits (0ms)
		AnalyzeDomain (22ms)
			TypeCache.Refresh (8ms)
				TypeCache.ScanAssembly (0ms)
			ScanForSourceGeneratedMonoScriptInfo (0ms)
			ResolveRequiredComponents (11ms)
	FinalizeReload (1217ms)
		ReleaseScriptCaches (0ms)
		RebuildScriptCaches (0ms)
		SetupLoadedEditorAssemblies (682ms)
			LogAssemblyErrors (0ms)
			InitializePlatformSupportModulesInManaged (6ms)
			SetLoadedEditorAssemblies (3ms)
			RefreshPlugins (0ms)
			BeforeProcessingInitializeOnLoad (79ms)
			ProcessInitializeOnLoadAttributes (537ms)
			ProcessInitializeOnLoadMethodAttributes (54ms)
			AfterProcessingInitializeOnLoad (4ms)
			EditorAssembliesLoaded (0ms)
		ExecutionOrderSort2 (0ms)
		AwakeInstancesAfterBackupRestoration (15ms)
Refreshing native plugins compatible for Editor in 7.84 ms, found 4 plugins.
Preloading 0 native plugins for Editor in 0.00 ms.
Unloading 6476 Unused Serialized files (Serialized files now loaded: 0)
Unloading 22 unused Assets / (387.8 KB). Loaded Objects now: 7228.
Memory consumption went from 230.2 MB to 229.8 MB.
Total: 4.167400 ms (FindLiveObjects: 0.485500 ms CreateObjectMapping: 0.265800 ms MarkObjects: 3.265400 ms  DeleteObjects: 0.149200 ms)

Prepare: number of updated asset objects reloaded= 0
AssetImportParameters requested are different than current active one (requested -> active):
  custom:container-demuxer-ogg: 62fdf1f143b41e24485cea50d1cbac27 -> 
  custom:scripting/monoscript/fileName/DuraklatmaMenusu.cs: 6ff4bf62e19c5224a16988dead8dd79f -> 
  custom:framework-win-MediaFoundation: 216162199b28c13a410421893ffa2e32 -> 
  custom:container-muxer-webm: aa71ff27fc2769a1b78a27578f13a17b -> 
  custom:video-decoder-webm-vp8: 9c59270c3fd7afecdb556c50c9e8de78 -> 
  custom:SearchIndexIgnoredProperties: e643bd26f0fe6173181afceb89e7c659 -> 
  custom:AudioImporter_EditorPlatform: d09bf68614088b80899f8185d706f6e7 -> 
  custom:audio-decoder-ogg-vorbis: bf7c407c2cedff20999df2af8eb42d56 -> 
  custom:audio-encoder-webm-vorbis: bf7c407c2cedff20999df2af8eb42d56 -> 
  custom:scripting/precompiled-assembly-types:Assembly-CSharp: 10955337a17f4c38e199d634f4978e6d -> 81073f5cb8e3c9d499357fa91050c08b
  custom:video-codec-MediaFoundation-h265: 746d11721c4dcdbdad8f713fa42b33f4 -> 
  custom:video-decoder-ogg-theora: a1e56fd34408186e4bbccfd4996cb3dc -> 
  custom:CustomObjectIndexerAttribute: 72b91833f83ae208fae7752999fa3104 -> 
  custom:container-demuxer-webm: 4f35f7cbe854078d1ac9338744f61a02 -> 
  custom:video-encoder-webm-vp8: eb34c28f22e8b96e1ab97ce403110664 -> 
========================================================================
Received Prepare
Caller must complete domain reload
Begin MonoManager ReloadAssembly
- Loaded All Assemblies, in  0.630 seconds
Native extension for UWP target not found
Native extension for WindowsStandalone target not found
[Package Manager] Server::EnsureServerProcessIsRunning -- launch failed, reason: Unity was launched with the -noUpm command-line argument
[Package Manager] UpmClient::Send -- Unable to send message (not connected to UPM process).
[Package Manager] Cannot connect to Unity Package Manager local server
System.InvalidOperationException: Could not determine the Coplay plugin installation path.
  at Coplay.Services.ApplicationPaths..ctor (System.IO.Abstractions.<bb65ca26-0720-4eb0-b5ec-28e5e773a611>IFileSystem fileSystem, System.String dataPath) [0x001a7] in <2370cefae74842df9eff2bc38df7450a>:0 
  at Coplay.Services.ApplicationPaths..ctor () [0x0000b] in <2370cefae74842df9eff2bc38df7450a>:0 
  at (wrapper managed-to-native) System.Reflection.RuntimeConstructorInfo.InternalInvoke(System.Reflection.RuntimeConstructorInfo,object,object[],System.Exception&)
  at System.Reflection.RuntimeConstructorInfo.InternalInvoke (System.Object obj, System.Object[] parameters, System.Boolean wrapExceptions) [0x0001b] in <1071a2cb0cb3433aae80a793c277a048>:0 
  at System.Reflection.RuntimeConstructorInfo.DoInvoke (System.Object obj, System.Reflection.BindingFlags invokeAttr, System.Reflection.Binder binder, System.Object[] parameters, System.Globalization.CultureInfo culture) [0x00086] in <1071a2cb0cb3433aae80a793c277a048>:0 
  at System.Reflection.RuntimeConstructorInfo.Invoke (System.Reflection.BindingFlags invokeAttr, System.Reflection.Binder binder, System.Object[] parameters, System.Globalization.CultureInfo culture) [0x00000] in <1071a2cb0cb3433aae80a793c277a048>:0 
  at Microsoft.Extensions.DependencyInjection.ServiceLookup.<fd845d3f-5554-448e-8276-c390248dec8b>CallSiteRuntimeResolver.VisitConstructor (Microsoft.Extensions.DependencyInjection.ServiceLookup.<fd845d3f-5554-448e-8276-c390248dec8b>ConstructorCallSite constructorCallSite, Microsoft.Extensions.DependencyInjection.ServiceLookup.<fd845d3f-5554-448e-8276-c390248dec8b>RuntimeResolverContext context) [0x00045] in <2370cefae74842df9eff2bc38df7450a>:0 
  at Microsoft.Extensions.DependencyInjection.ServiceLookup.<fd845d3f-5554-448e-8276-c390248dec8b>CallSiteVisitor`2[TArgument,TResult].VisitCallSiteMain (Microsoft.Extensions.DependencyInjection.ServiceLookup.<fd845d3f-5554-448e-8276-c390248dec8b>ServiceCallSite callSite, TArgument argument) [0x0003f] in <2370cefae74842df9eff2bc38df7450a>:0 
  at Microsoft.Extensions.DependencyInjection.ServiceLookup.<fd845d3f-5554-448e-8276-c390248dec8b>CallSiteRuntimeResolver.VisitRootCache (Microsoft.Extensions.DependencyInjection.ServiceLookup.<fd845d3f-5554-448e-8276-c390248dec8b>ServiceCallSite callSite, Microsoft.Extensions.DependencyInjection.ServiceLookup.<fd845d3f-5554-448e-8276-c390248dec8b>RuntimeResolverContext context) [0x00061] in <2370cefae74842df9eff2bc38df7450a>:0 
  at Microsoft.Extensions.DependencyInjection.ServiceLookup.<fd845d3f-5554-448e-8276-c390248dec8b>CallSiteVisitor`2[TArgument,TResult].VisitCallSite (Microsoft.Extensions.DependencyInjection.ServiceLookup.<fd845d3f-5554-448e-8276-c390248dec8b>ServiceCallSite callSite, TArgument argument) [0x0004f] in <2370cefae74842df9eff2bc38df7450a>:0 
  at Microsoft.Extensions.DependencyInjection.ServiceLookup.<fd845d3f-5554-448e-8276-c390248dec8b>CallSiteRuntimeResolver.Resolve (Microsoft.Extensions.DependencyInjection.ServiceLookup.<fd845d3f-5554-448e-8276-c390248dec8b>ServiceCallSite callSite, Microsoft.Extensions.DependencyInjection.ServiceLookup.<fd845d3f-5554-448e-8276-c390248dec8b>ServiceProviderEngineScope scope) [0x00026] in <2370cefae74842df9eff2bc38df7450a>:0 
  at Microsoft.Extensions.DependencyInjection.<fd845d3f-5554-448e-8276-c390248dec8b>ServiceProvider.CreateServiceAccessor (Microsoft.Extensions.DependencyInjection.ServiceLookup.<fd845d3f-5554-448e-8276-c390248dec8b>ServiceIdentifier serviceIdentifier) [0x00055] in <2370cefae74842df9eff2bc38df7450a>:0 
  at System.Collections.Concurrent.ConcurrentDictionary`2[TKey,TValue].GetOrAdd (TKey key, System.Func`2[T,TResult] valueFactory) [0x00034] in <1071a2cb0cb3433aae80a793c277a048>:0 
  at Microsoft.Extensions.DependencyInjection.<fd845d3f-5554-448e-8276-c390248dec8b>ServiceProvider.GetService (Microsoft.Extensions.DependencyInjection.ServiceLookup.<fd845d3f-5554-448e-8276-c390248dec8b>ServiceIdentifier serviceIdentifier, Microsoft.Extensions.DependencyInjection.ServiceLookup.<fd845d3f-5554-448e-8276-c390248dec8b>ServiceProviderEngineScope serviceProviderEngineScope) [0x0000d] in <2370cefae74842df9eff2bc38df7450a>:0 
  at Microsoft.Extensions.DependencyInjection.ServiceLookup.<fd845d3f-5554-448e-8276-c390248dec8b>ServiceProviderEngineScope.GetService (System.Type serviceType) [0x00019] in <2370cefae74842df9eff2bc38df7450a>:0 
  at Microsoft.Extensions.DependencyInjection.<03239ec6-c58a-4857-9007-88b5ce2571b7>ServiceProviderServiceExtensions.GetRequiredService (System.IServiceProvider provider, System.Type serviceType) [0x00028] in <2370cefae74842df9eff2bc38df7450a>:0 
  at Microsoft.Extensions.DependencyInjection.<03239ec6-c58a-4857-9007-88b5ce2571b7>ServiceProviderServiceExtensions.GetRequiredService[T] (System.IServiceProvider provider) [0x0000b] in <2370cefae74842df9eff2bc38df7450a>:0 
  at Coplay.Common.Logging.CoplayLoggerConfiguration+<>c__DisplayClass0_0.<AddCoplayLogging>b__0 (System.IServiceProvider provider, Serilog.<a4b2d26e-ac3b-4054-9a6c-5e3ce9a96c0b>LoggerConfiguration configuration) [0x00006] in <2370cefae74842df9eff2bc38df7450a>:0 
  at Serilog.<bd0e39ce-cb78-4e01-b06d-080935c10262>SerilogServiceCollectionExtensions+<>c__DisplayClass3_0.<AddSerilog>b__0 (System.IServiceProvider services) [0x00063] in <2370cefae74842df9eff2bc38df7450a>:0 
  at Microsoft.Extensions.DependencyInjection.ServiceLookup.<fd845d3f-5554-448e-8276-c390248dec8b>CallSiteRuntimeResolver.VisitFactory (Microsoft.Extensions.DependencyInjection.ServiceLookup.<fd845d3f-5554-448e-8276-c390248dec8b>FactoryCallSite factoryCallSite, Microsoft.Extensions.DependencyInjection.ServiceLookup.<fd845d3f-5554-448e-8276-c390248dec8b>RuntimeResolverContext context) [0x0000d] in <2370cefae74842df9eff2bc38df7450a>:0 
  at Microsoft.Extensions.DependencyInjection.ServiceLookup.<fd845d3f-5554-448e-8276-c390248dec8b>CallSiteVisitor`2[TArgument,TResult].VisitCallSiteMain (Microsoft.Extensions.DependencyInjection.ServiceLookup.<fd845d3f-5554-448e-8276-c390248dec8b>ServiceCallSite callSite, TArgument argument) [0x00023] in <2370cefae74842df9eff2bc38df7450a>:0 
  at Microsoft.Extensions.DependencyInjection.ServiceLookup.<fd845d3f-5554-448e-8276-c390248dec8b>CallSiteRuntimeResolver.VisitRootCache (Microsoft.Extensions.DependencyInjection.ServiceLookup.<fd845d3f-5554-448e-8276-c390248dec8b>ServiceCallSite callSite, Microsoft.Extensions.DependencyInjection.ServiceLookup.<fd845d3f-5554-448e-8276-c390248dec8b>RuntimeResolverContext context) [0x00061] in <2370cefae74842df9eff2bc38df7450a>:0 
  at Microsoft.Extensions.DependencyInjection.ServiceLookup.<fd845d3f-5554-448e-8276-c390248dec8b>CallSiteVisitor`2[TArgument,TResult].VisitCallSite (Microsoft.Extensions.DependencyInjection.ServiceLookup.<fd845d3f-5554-448e-8276-c390248dec8b>ServiceCallSite callSite, TArgument argument) [0x0004f] in <2370cefae74842df9eff2bc38df7450a>:0 
  at Microsoft.Extensions.DependencyInjection.ServiceLookup.<fd845d3f-5554-448e-8276-c390248dec8b>CallSiteRuntimeResolver.Resolve (Microsoft.Extensions.DependencyInjection.ServiceLookup.<fd845d3f-5554-448e-8276-c390248dec8b>ServiceCallSite callSite, Microsoft.Extensions.DependencyInjection.ServiceLookup.<fd845d3f-5554-448e-8276-c390248dec8b>ServiceProviderEngineScope scope) [0x00026] in <2370cefae74842df9eff2bc38df7450a>:0 
  at Microsoft.Extensions.DependencyInjection.<fd845d3f-5554-448e-8276-c390248dec8b>ServiceProvider.CreateServiceAccessor (Microsoft.Extensions.DependencyInjection.ServiceLookup.<fd845d3f-5554-448e-8276-c390248dec8b>ServiceIdentifier serviceIdentifier) [0x00055] in <2370cefae74842df9eff2bc38df7450a>:0 
  at System.Collections.Concurrent.ConcurrentDictionary`2[TKey,TValue].GetOrAdd (TKey key, System.Func`2[T,TResult] valueFactory) [0x00034] in <1071a2cb0cb3433aae80a793c277a048>:0 
  at Microsoft.Extensions.DependencyInjection.<fd845d3f-5554-448e-8276-c390248dec8b>ServiceProvider.GetService (Microsoft.Extensions.DependencyInjection.ServiceLookup.<fd845d3f-5554-448e-8276-c390248dec8b>ServiceIdentifier serviceIdentifier, Microsoft.Extensions.DependencyInjection.ServiceLookup.<fd845d3f-5554-448e-8276-c390248dec8b>ServiceProviderEngineScope serviceProviderEngineScope) [0x0000d] in <2370cefae74842df9eff2bc38df7450a>:0 
  at Microsoft.Extensions.DependencyInjection.ServiceLookup.<fd845d3f-5554-448e-8276-c390248dec8b>ServiceProviderEngineScope.GetService (System.Type serviceType) [0x00019] in <2370cefae74842df9eff2bc38df7450a>:0 
  at Microsoft.Extensions.DependencyInjection.<03239ec6-c58a-4857-9007-88b5ce2571b7>ServiceProviderServiceExtensions.GetRequiredService (System.IServiceProvider provider, System.Type serviceType) [0x00028] in <2370cefae74842df9eff2bc38df7450a>:0 
  at Microsoft.Extensions.DependencyInjection.<03239ec6-c58a-4857-9007-88b5ce2571b7>ServiceProviderServiceExtensions.GetRequiredService[T] (System.IServiceProvider provider) [0x0000b] in <2370cefae74842df9eff2bc38df7450a>:0 
  at Serilog.<bd0e39ce-cb78-4e01-b06d-080935c10262>SerilogServiceCollectionExtensions+<>c__DisplayClass3_0.<AddSerilog>b__2 (System.IServiceProvider services) [0x00000] in <2370cefae74842df9eff2bc38df7450a>:0 
  at Microsoft.Extensions.DependencyInjection.ServiceLookup.<fd845d3f-5554-448e-8276-c390248dec8b>CallSiteRuntimeResolver.VisitFactory (Microsoft.Extensions.DependencyInjection.ServiceLookup.<fd845d3f-5554-448e-8276-c390248dec8b>FactoryCallSite factoryCallSite, Microsoft.Extensions.DependencyInjection.ServiceLookup.<fd845d3f-5554-448e-8276-c390248dec8b>RuntimeResolverContext context) [0x0000d] in <2370cefae74842df9eff2bc38df7450a>:0 
  at Microsoft.Extensions.DependencyInjection.ServiceLookup.<fd845d3f-5554-448e-8276-c390248dec8b>CallSiteVisitor`2[TArgument,TResult].VisitCallSiteMain (Microsoft.Extensions.DependencyInjection.ServiceLookup.<fd845d3f-5554-448e-8276-c390248dec8b>ServiceCallSite callSite, TArgument argument) [0x00023] in <2370cefae74842df9eff2bc38df7450a>:0 
  at Microsoft.Extensions.DependencyInjection.ServiceLookup.<fd845d3f-5554-448e-8276-c390248dec8b>CallSiteRuntimeResolver.VisitRootCache (Microsoft.Extensions.DependencyInjection.ServiceLookup.<fd845d3f-5554-448e-8276-c390248dec8b>ServiceCallSite callSite, Microsoft.Extensions.DependencyInjection.ServiceLookup.<fd845d3f-5554-448e-8276-c390248dec8b>RuntimeResolverContext context) [0x00061] in <2370cefae74842df9eff2bc38df7450a>:0 
  at Microsoft.Extensions.DependencyInjection.ServiceLookup.<fd845d3f-5554-448e-8276-c390248dec8b>CallSiteVisitor`2[TArgument,TResult].VisitCallSite (Microsoft.Extensions.DependencyInjection.ServiceLookup.<fd845d3f-5554-448e-8276-c390248dec8b>ServiceCallSite callSite, TArgument argument) [0x0004f] in <2370cefae74842df9eff2bc38df7450a>:0 
  at Microsoft.Extensions.DependencyInjection.ServiceLookup.<fd845d3f-5554-448e-8276-c390248dec8b>CallSiteRuntimeResolver.VisitConstructor (Microsoft.Extensions.DependencyInjection.ServiceLookup.<fd845d3f-5554-448e-8276-c390248dec8b>ConstructorCallSite constructorCallSite, Microsoft.Extensions.DependencyInjection.ServiceLookup.<fd845d3f-5554-448e-8276-c390248dec8b>RuntimeResolverContext context) [0x0002c] in <2370cefae74842df9eff2bc38df7450a>:0 
  at Microsoft.Extensions.DependencyInjection.ServiceLookup.<fd845d3f-5554-448e-8276-c390248dec8b>CallSiteVisitor`2[TArgument,TResult].VisitCallSiteMain (Microsoft.Extensions.DependencyInjection.ServiceLookup.<fd845d3f-5554-448e-8276-c390248dec8b>ServiceCallSite callSite, TArgument argument) [0x0003f] in <2370cefae74842df9eff2bc38df7450a>:0 
  at Microsoft.Extensions.DependencyInjection.ServiceLookup.<fd845d3f-5554-448e-8276-c390248dec8b>CallSiteRuntimeResolver.VisitRootCache (Microsoft.Extensions.DependencyInjection.ServiceLookup.<fd845d3f-5554-448e-8276-c390248dec8b>ServiceCallSite callSite, Microsoft.Extensions.DependencyInjection.ServiceLookup.<fd845d3f-5554-448e-8276-c390248dec8b>RuntimeResolverContext context) [0x00061] in <2370cefae74842df9eff2bc38df7450a>:0 
  at Microsoft.Extensions.DependencyInjection.ServiceLookup.<fd845d3f-5554-448e-8276-c390248dec8b>CallSiteVisitor`2[TArgument,TResult].VisitCallSite (Microsoft.Extensions.DependencyInjection.ServiceLookup.<fd845d3f-5554-448e-8276-c390248dec8b>ServiceCallSite callSite, TArgument argument) [0x0004f] in <2370cefae74842df9eff2bc38df7450a>:0 
  at Microsoft.Extensions.DependencyInjection.ServiceLookup.<fd845d3f-5554-448e-8276-c390248dec8b>CallSiteRuntimeResolver.Resolve (Microsoft.Extensions.DependencyInjection.ServiceLookup.<fd845d3f-5554-448e-8276-c390248dec8b>ServiceCallSite callSite, Microsoft.Extensions.DependencyInjection.ServiceLookup.<fd845d3f-5554-448e-8276-c390248dec8b>ServiceProviderEngineScope scope) [0x00026] in <2370cefae74842df9eff2bc38df7450a>:0 
  at Microsoft.Extensions.DependencyInjection.<fd845d3f-5554-448e-8276-c390248dec8b>ServiceProvider.CreateServiceAccessor (Microsoft.Extensions.DependencyInjection.ServiceLookup.<fd845d3f-5554-448e-8276-c390248dec8b>ServiceIdentifier serviceIdentifier) [0x00055] in <2370cefae74842df9eff2bc38df7450a>:0 
  at System.Collections.Concurrent.ConcurrentDictionary`2[TKey,TValue].GetOrAdd (TKey key, System.Func`2[T,TResult] valueFactory) [0x00034] in <1071a2cb0cb3433aae80a793c277a048>:0 
  at Microsoft.Extensions.DependencyInjection.<fd845d3f-5554-448e-8276-c390248dec8b>ServiceProvider.GetService (Microsoft.Extensions.DependencyInjection.ServiceLookup.<fd845d3f-5554-448e-8276-c390248dec8b>ServiceIdentifier serviceIdentifier, Microsoft.Extensions.DependencyInjection.ServiceLookup.<fd845d3f-5554-448e-8276-c390248dec8b>ServiceProviderEngineScope serviceProviderEngineScope) [0x0000d] in <2370cefae74842df9eff2bc38df7450a>:0 
  at Microsoft.Extensions.DependencyInjection.<fd845d3f-5554-448e-8276-c390248dec8b>ServiceProvider.GetService (System.Type serviceType) [0x0000d] in <2370cefae74842df9eff2bc38df7450a>:0 
  at Microsoft.Extensions.DependencyInjection.<03239ec6-c58a-4857-9007-88b5ce2571b7>ServiceProviderServiceExtensions.GetRequiredService (System.IServiceProvider provider, System.Type serviceType) [0x00028] in <2370cefae74842df9eff2bc38df7450a>:0 
  at Microsoft.Extensions.DependencyInjection.<03239ec6-c58a-4857-9007-88b5ce2571b7>ServiceProviderServiceExtensions.GetRequiredService[T] (System.IServiceProvider provider) [0x0000b] in <2370cefae74842df9eff2bc38df7450a>:0 
  at Coplay.DependencyInjection.RootScopeServices..cctor () [0x00019] in <2370cefae74842df9eff2bc38df7450a>:0 
UnityEngine.StackTraceUtility:ExtractStackTrace ()
UnityEngine.DebugLogHandler:LogFormat (UnityEngine.LogType,UnityEngine.Object,string,object[])
UnityEngine.Logger:Log (UnityEngine.LogType,object)
UnityEngine.Debug:LogError (object)
UnityEditor.EditorAssemblies:ProcessInitializeOnLoadAttributes (System.Type[])

Mono: successfully reloaded assembly
- Finished resetting the current domain, in  1.279 seconds
Domain Reload Profiling: 1907ms
	BeginReloadAssembly (178ms)
		ExecutionOrderSort (0ms)
		DisableScriptedObjects (3ms)
		BackupInstance (0ms)
		ReleaseScriptingObjects (0ms)
		CreateAndSetChildDomain (67ms)
	RebuildCommonClasses (23ms)
	RebuildNativeTypeToScriptingClass (8ms)
	initialDomainReloadingComplete (46ms)
	LoadAllAssembliesAndSetupDomain (374ms)
		LoadAssemblies (404ms)
		RebuildTransferFunctionScriptingTraits (0ms)
		AnalyzeDomain (46ms)
			TypeCache.Refresh (13ms)
				TypeCache.ScanAssembly (2ms)
			ScanForSourceGeneratedMonoScriptInfo (20ms)
			ResolveRequiredComponents (10ms)
	FinalizeReload (1279ms)
		ReleaseScriptCaches (0ms)
		RebuildScriptCaches (0ms)
		SetupLoadedEditorAssemblies (661ms)
			LogAssemblyErrors (0ms)
			InitializePlatformSupportModulesInManaged (5ms)
			SetLoadedEditorAssemblies (3ms)
			RefreshPlugins (0ms)
			BeforeProcessingInitializeOnLoad (74ms)
			ProcessInitializeOnLoadAttributes (522ms)
			ProcessInitializeOnLoadMethodAttributes (52ms)
			AfterProcessingInitializeOnLoad (4ms)
			EditorAssembliesLoaded (0ms)
		ExecutionOrderSort2 (0ms)
		AwakeInstancesAfterBackupRestoration (15ms)
Refreshing native plugins compatible for Editor in 4.03 ms, found 4 plugins.
Preloading 0 native plugins for Editor in 0.00 ms.
Unloading 6476 Unused Serialized files (Serialized files now loaded: 0)
Unloading 22 unused Assets / (387.8 KB). Loaded Objects now: 7248.
Memory consumption went from 230.3 MB to 229.9 MB.
Total: 3.443300 ms (FindLiveObjects: 0.384000 ms CreateObjectMapping: 0.225000 ms MarkObjects: 2.745500 ms  DeleteObjects: 0.087400 ms)

Prepare: number of updated asset objects reloaded= 0
AssetImportParameters requested are different than current active one (requested -> active):
  custom:container-demuxer-ogg: 62fdf1f143b41e24485cea50d1cbac27 -> 
  custom:scripting/monoscript/fileName/DuraklatmaMenusu.cs: 6ff4bf62e19c5224a16988dead8dd79f -> 
  custom:framework-win-MediaFoundation: 216162199b28c13a410421893ffa2e32 -> 
  custom:container-muxer-webm: aa71ff27fc2769a1b78a27578f13a17b -> 
  custom:video-decoder-webm-vp8: 9c59270c3fd7afecdb556c50c9e8de78 -> 
  custom:SearchIndexIgnoredProperties: e643bd26f0fe6173181afceb89e7c659 -> 
  custom:AudioImporter_EditorPlatform: d09bf68614088b80899f8185d706f6e7 -> 
  custom:audio-decoder-ogg-vorbis: bf7c407c2cedff20999df2af8eb42d56 -> 
  custom:audio-encoder-webm-vorbis: bf7c407c2cedff20999df2af8eb42d56 -> 
  custom:scripting/precompiled-assembly-types:Assembly-CSharp: 10955337a17f4c38e199d634f4978e6d -> 81073f5cb8e3c9d499357fa91050c08b
  custom:video-codec-MediaFoundation-h265: 746d11721c4dcdbdad8f713fa42b33f4 -> 
  custom:video-decoder-ogg-theora: a1e56fd34408186e4bbccfd4996cb3dc -> 
  custom:CustomObjectIndexerAttribute: 72b91833f83ae208fae7752999fa3104 -> 
  custom:container-demuxer-webm: 4f35f7cbe854078d1ac9338744f61a02 -> 
  custom:video-encoder-webm-vp8: eb34c28f22e8b96e1ab97ce403110664 -> 
========================================================================
Received Prepare
Caller must complete domain reload
Begin MonoManager ReloadAssembly
- Loaded All Assemblies, in  0.515 seconds
Native extension for UWP target not found
Native extension for WindowsStandalone target not found
[Package Manager] Server::EnsureServerProcessIsRunning -- launch failed, reason: Unity was launched with the -noUpm command-line argument
[Package Manager] UpmClient::Send -- Unable to send message (not connected to UPM process).
[Package Manager] Cannot connect to Unity Package Manager local server
System.InvalidOperationException: Could not determine the Coplay plugin installation path.
  at Coplay.Services.ApplicationPaths..ctor (System.IO.Abstractions.<bb65ca26-0720-4eb0-b5ec-28e5e773a611>IFileSystem fileSystem, System.String dataPath) [0x001a7] in <2370cefae74842df9eff2bc38df7450a>:0 
  at Coplay.Services.ApplicationPaths..ctor () [0x0000b] in <2370cefae74842df9eff2bc38df7450a>:0 
  at (wrapper managed-to-native) System.Reflection.RuntimeConstructorInfo.InternalInvoke(System.Reflection.RuntimeConstructorInfo,object,object[],System.Exception&)
  at System.Reflection.RuntimeConstructorInfo.InternalInvoke (System.Object obj, System.Object[] parameters, System.Boolean wrapExceptions) [0x0001b] in <1071a2cb0cb3433aae80a793c277a048>:0 
  at System.Reflection.RuntimeConstructorInfo.DoInvoke (System.Object obj, System.Reflection.BindingFlags invokeAttr, System.Reflection.Binder binder, System.Object[] parameters, System.Globalization.CultureInfo culture) [0x00086] in <1071a2cb0cb3433aae80a793c277a048>:0 
  at System.Reflection.RuntimeConstructorInfo.Invoke (System.Reflection.BindingFlags invokeAttr, System.Reflection.Binder binder, System.Object[] parameters, System.Globalization.CultureInfo culture) [0x00000] in <1071a2cb0cb3433aae80a793c277a048>:0 
  at Microsoft.Extensions.DependencyInjection.ServiceLookup.<fd845d3f-5554-448e-8276-c390248dec8b>CallSiteRuntimeResolver.VisitConstructor (Microsoft.Extensions.DependencyInjection.ServiceLookup.<fd845d3f-5554-448e-8276-c390248dec8b>ConstructorCallSite constructorCallSite, Microsoft.Extensions.DependencyInjection.ServiceLookup.<fd845d3f-5554-448e-8276-c390248dec8b>RuntimeResolverContext context) [0x00045] in <2370cefae74842df9eff2bc38df7450a>:0 
  at Microsoft.Extensions.DependencyInjection.ServiceLookup.<fd845d3f-5554-448e-8276-c390248dec8b>CallSiteVisitor`2[TArgument,TResult].VisitCallSiteMain (Microsoft.Extensions.DependencyInjection.ServiceLookup.<fd845d3f-5554-448e-8276-c390248dec8b>ServiceCallSite callSite, TArgument argument) [0x0003f] in <2370cefae74842df9eff2bc38df7450a>:0 
  at Microsoft.Extensions.DependencyInjection.ServiceLookup.<fd845d3f-5554-448e-8276-c390248dec8b>CallSiteRuntimeResolver.VisitRootCache (Microsoft.Extensions.DependencyInjection.ServiceLookup.<fd845d3f-5554-448e-8276-c390248dec8b>ServiceCallSite callSite, Microsoft.Extensions.DependencyInjection.ServiceLookup.<fd845d3f-5554-448e-8276-c390248dec8b>RuntimeResolverContext context) [0x00061] in <2370cefae74842df9eff2bc38df7450a>:0 
  at Microsoft.Extensions.DependencyInjection.ServiceLookup.<fd845d3f-5554-448e-8276-c390248dec8b>CallSiteVisitor`2[TArgument,TResult].VisitCallSite (Microsoft.Extensions.DependencyInjection.ServiceLookup.<fd845d3f-5554-448e-8276-c390248dec8b>ServiceCallSite callSite, TArgument argument) [0x0004f] in <2370cefae74842df9eff2bc38df7450a>:0 
  at Microsoft.Extensions.DependencyInjection.ServiceLookup.<fd845d3f-5554-448e-8276-c390248dec8b>CallSiteRuntimeResolver.Resolve (Microsoft.Extensions.DependencyInjection.ServiceLookup.<fd845d3f-5554-448e-8276-c390248dec8b>ServiceCallSite callSite, Microsoft.Extensions.DependencyInjection.ServiceLookup.<fd845d3f-5554-448e-8276-c390248dec8b>ServiceProviderEngineScope scope) [0x00026] in <2370cefae74842df9eff2bc38df7450a>:0 
  at Microsoft.Extensions.DependencyInjection.<fd845d3f-5554-448e-8276-c390248dec8b>ServiceProvider.CreateServiceAccessor (Microsoft.Extensions.DependencyInjection.ServiceLookup.<fd845d3f-5554-448e-8276-c390248dec8b>ServiceIdentifier serviceIdentifier) [0x00055] in <2370cefae74842df9eff2bc38df7450a>:0 
  at System.Collections.Concurrent.ConcurrentDictionary`2[TKey,TValue].GetOrAdd (TKey key, System.Func`2[T,TResult] valueFactory) [0x00034] in <1071a2cb0cb3433aae80a793c277a048>:0 
  at Microsoft.Extensions.DependencyInjection.<fd845d3f-5554-448e-8276-c390248dec8b>ServiceProvider.GetService (Microsoft.Extensions.DependencyInjection.ServiceLookup.<fd845d3f-5554-448e-8276-c390248dec8b>ServiceIdentifier serviceIdentifier, Microsoft.Extensions.DependencyInjection.ServiceLookup.<fd845d3f-5554-448e-8276-c390248dec8b>ServiceProviderEngineScope serviceProviderEngineScope) [0x0000d] in <2370cefae74842df9eff2bc38df7450a>:0 
  at Microsoft.Extensions.DependencyInjection.ServiceLookup.<fd845d3f-5554-448e-8276-c390248dec8b>ServiceProviderEngineScope.GetService (System.Type serviceType) [0x00019] in <2370cefae74842df9eff2bc38df7450a>:0 
  at Microsoft.Extensions.DependencyInjection.<03239ec6-c58a-4857-9007-88b5ce2571b7>ServiceProviderServiceExtensions.GetRequiredService (System.IServiceProvider provider, System.Type serviceType) [0x00028] in <2370cefae74842df9eff2bc38df7450a>:0 
  at Microsoft.Extensions.DependencyInjection.<03239ec6-c58a-4857-9007-88b5ce2571b7>ServiceProviderServiceExtensions.GetRequiredService[T] (System.IServiceProvider provider) [0x0000b] in <2370cefae74842df9eff2bc38df7450a>:0 
  at Coplay.Common.Logging.CoplayLoggerConfiguration+<>c__DisplayClass0_0.<AddCoplayLogging>b__0 (System.IServiceProvider provider, Serilog.<a4b2d26e-ac3b-4054-9a6c-5e3ce9a96c0b>LoggerConfiguration configuration) [0x00006] in <2370cefae74842df9eff2bc38df7450a>:0 
  at Serilog.<bd0e39ce-cb78-4e01-b06d-080935c10262>SerilogServiceCollectionExtensions+<>c__DisplayClass3_0.<AddSerilog>b__0 (System.IServiceProvider services) [0x00063] in <2370cefae74842df9eff2bc38df7450a>:0 
  at Microsoft.Extensions.DependencyInjection.ServiceLookup.<fd845d3f-5554-448e-8276-c390248dec8b>CallSiteRuntimeResolver.VisitFactory (Microsoft.Extensions.DependencyInjection.ServiceLookup.<fd845d3f-5554-448e-8276-c390248dec8b>FactoryCallSite factoryCallSite, Microsoft.Extensions.DependencyInjection.ServiceLookup.<fd845d3f-5554-448e-8276-c390248dec8b>RuntimeResolverContext context) [0x0000d] in <2370cefae74842df9eff2bc38df7450a>:0 
  at Microsoft.Extensions.DependencyInjection.ServiceLookup.<fd845d3f-5554-448e-8276-c390248dec8b>CallSiteVisitor`2[TArgument,TResult].VisitCallSiteMain (Microsoft.Extensions.DependencyInjection.ServiceLookup.<fd845d3f-5554-448e-8276-c390248dec8b>ServiceCallSite callSite, TArgument argument) [0x00023] in <2370cefae74842df9eff2bc38df7450a>:0 
  at Microsoft.Extensions.DependencyInjection.ServiceLookup.<fd845d3f-5554-448e-8276-c390248dec8b>CallSiteRuntimeResolver.VisitRootCache (Microsoft.Extensions.DependencyInjection.ServiceLookup.<fd845d3f-5554-448e-8276-c390248dec8b>ServiceCallSite callSite, Microsoft.Extensions.DependencyInjection.ServiceLookup.<fd845d3f-5554-448e-8276-c390248dec8b>RuntimeResolverContext context) [0x00061] in <2370cefae74842df9eff2bc38df7450a>:0 
  at Microsoft.Extensions.DependencyInjection.ServiceLookup.<fd845d3f-5554-448e-8276-c390248dec8b>CallSiteVisitor`2[TArgument,TResult].VisitCallSite (Microsoft.Extensions.DependencyInjection.ServiceLookup.<fd845d3f-5554-448e-8276-c390248dec8b>ServiceCallSite callSite, TArgument argument) [0x0004f] in <2370cefae74842df9eff2bc38df7450a>:0 
  at Microsoft.Extensions.DependencyInjection.ServiceLookup.<fd845d3f-5554-448e-8276-c390248dec8b>CallSiteRuntimeResolver.Resolve (Microsoft.Extensions.DependencyInjection.ServiceLookup.<fd845d3f-5554-448e-8276-c390248dec8b>ServiceCallSite callSite, Microsoft.Extensions.DependencyInjection.ServiceLookup.<fd845d3f-5554-448e-8276-c390248dec8b>ServiceProviderEngineScope scope) [0x00026] in <2370cefae74842df9eff2bc38df7450a>:0 
  at Microsoft.Extensions.DependencyInjection.<fd845d3f-5554-448e-8276-c390248dec8b>ServiceProvider.CreateServiceAccessor (Microsoft.Extensions.DependencyInjection.ServiceLookup.<fd845d3f-5554-448e-8276-c390248dec8b>ServiceIdentifier serviceIdentifier) [0x00055] in <2370cefae74842df9eff2bc38df7450a>:0 
  at System.Collections.Concurrent.ConcurrentDictionary`2[TKey,TValue].GetOrAdd (TKey key, System.Func`2[T,TResult] valueFactory) [0x00034] in <1071a2cb0cb3433aae80a793c277a048>:0 
  at Microsoft.Extensions.DependencyInjection.<fd845d3f-5554-448e-8276-c390248dec8b>ServiceProvider.GetService (Microsoft.Extensions.DependencyInjection.ServiceLookup.<fd845d3f-5554-448e-8276-c390248dec8b>ServiceIdentifier serviceIdentifier, Microsoft.Extensions.DependencyInjection.ServiceLookup.<fd845d3f-5554-448e-8276-c390248dec8b>ServiceProviderEngineScope serviceProviderEngineScope) [0x0000d] in <2370cefae74842df9eff2bc38df7450a>:0 
  at Microsoft.Extensions.DependencyInjection.ServiceLookup.<fd845d3f-5554-448e-8276-c390248dec8b>ServiceProviderEngineScope.GetService (System.Type serviceType) [0x00019] in <2370cefae74842df9eff2bc38df7450a>:0 
  at Microsoft.Extensions.DependencyInjection.<03239ec6-c58a-4857-9007-88b5ce2571b7>ServiceProviderServiceExtensions.GetRequiredService (System.IServiceProvider provider, System.Type serviceType) [0x00028] in <2370cefae74842df9eff2bc38df7450a>:0 
  at Microsoft.Extensions.DependencyInjection.<03239ec6-c58a-4857-9007-88b5ce2571b7>ServiceProviderServiceExtensions.GetRequiredService[T] (System.IServiceProvider provider) [0x0000b] in <2370cefae74842df9eff2bc38df7450a>:0 
  at Serilog.<bd0e39ce-cb78-4e01-b06d-080935c10262>SerilogServiceCollectionExtensions+<>c__DisplayClass3_0.<AddSerilog>b__2 (System.IServiceProvider services) [0x00000] in <2370cefae74842df9eff2bc38df7450a>:0 
  at Microsoft.Extensions.DependencyInjection.ServiceLookup.<fd845d3f-5554-448e-8276-c390248dec8b>CallSiteRuntimeResolver.VisitFactory (Microsoft.Extensions.DependencyInjection.ServiceLookup.<fd845d3f-5554-448e-8276-c390248dec8b>FactoryCallSite factoryCallSite, Microsoft.Extensions.DependencyInjection.ServiceLookup.<fd845d3f-5554-448e-8276-c390248dec8b>RuntimeResolverContext context) [0x0000d] in <2370cefae74842df9eff2bc38df7450a>:0 
  at Microsoft.Extensions.DependencyInjection.ServiceLookup.<fd845d3f-5554-448e-8276-c390248dec8b>CallSiteVisitor`2[TArgument,TResult].VisitCallSiteMain (Microsoft.Extensions.DependencyInjection.ServiceLookup.<fd845d3f-5554-448e-8276-c390248dec8b>ServiceCallSite callSite, TArgument argument) [0x00023] in <2370cefae74842df9eff2bc38df7450a>:0 
  at Microsoft.Extensions.DependencyInjection.ServiceLookup.<fd845d3f-5554-448e-8276-c390248dec8b>CallSiteRuntimeResolver.VisitRootCache (Microsoft.Extensions.DependencyInjection.ServiceLookup.<fd845d3f-5554-448e-8276-c390248dec8b>ServiceCallSite callSite, Microsoft.Extensions.DependencyInjection.ServiceLookup.<fd845d3f-5554-448e-8276-c390248dec8b>RuntimeResolverContext context) [0x00061] in <2370cefae74842df9eff2bc38df7450a>:0 
  at Microsoft.Extensions.DependencyInjection.ServiceLookup.<fd845d3f-5554-448e-8276-c390248dec8b>CallSiteVisitor`2[TArgument,TResult].VisitCallSite (Microsoft.Extensions.DependencyInjection.ServiceLookup.<fd845d3f-5554-448e-8276-c390248dec8b>ServiceCallSite callSite, TArgument argument) [0x0004f] in <2370cefae74842df9eff2bc38df7450a>:0 
  at Microsoft.Extensions.DependencyInjection.ServiceLookup.<fd845d3f-5554-448e-8276-c390248dec8b>CallSiteRuntimeResolver.VisitConstructor (Microsoft.Extensions.DependencyInjection.ServiceLookup.<fd845d3f-5554-448e-8276-c390248dec8b>ConstructorCallSite constructorCallSite, Microsoft.Extensions.DependencyInjection.ServiceLookup.<fd845d3f-5554-448e-8276-c390248dec8b>RuntimeResolverContext context) [0x0002c] in <2370cefae74842df9eff2bc38df7450a>:0 
  at Microsoft.Extensions.DependencyInjection.ServiceLookup.<fd845d3f-5554-448e-8276-c390248dec8b>CallSiteVisitor`2[TArgument,TResult].VisitCallSiteMain (Microsoft.Extensions.DependencyInjection.ServiceLookup.<fd845d3f-5554-448e-8276-c390248dec8b>ServiceCallSite callSite, TArgument argument) [0x0003f] in <2370cefae74842df9eff2bc38df7450a>:0 
  at Microsoft.Extensions.DependencyInjection.ServiceLookup.<fd845d3f-5554-448e-8276-c390248dec8b>CallSiteRuntimeResolver.VisitRootCache (Microsoft.Extensions.DependencyInjection.ServiceLookup.<fd845d3f-5554-448e-8276-c390248dec8b>ServiceCallSite callSite, Microsoft.Extensions.DependencyInjection.ServiceLookup.<fd845d3f-5554-448e-8276-c390248dec8b>RuntimeResolverContext context) [0x00061] in <2370cefae74842df9eff2bc38df7450a>:0 
  at Microsoft.Extensions.DependencyInjection.ServiceLookup.<fd845d3f-5554-448e-8276-c390248dec8b>CallSiteVisitor`2[TArgument,TResult].VisitCallSite (Microsoft.Extensions.DependencyInjection.ServiceLookup.<fd845d3f-5554-448e-8276-c390248dec8b>ServiceCallSite callSite, TArgument argument) [0x0004f] in <2370cefae74842df9eff2bc38df7450a>:0 
  at Microsoft.Extensions.DependencyInjection.ServiceLookup.<fd845d3f-5554-448e-8276-c390248dec8b>CallSiteRuntimeResolver.Resolve (Microsoft.Extensions.DependencyInjection.ServiceLookup.<fd845d3f-5554-448e-8276-c390248dec8b>ServiceCallSite callSite, Microsoft.Extensions.DependencyInjection.ServiceLookup.<fd845d3f-5554-448e-8276-c390248dec8b>ServiceProviderEngineScope scope) [0x00026] in <2370cefae74842df9eff2bc38df7450a>:0 
  at Microsoft.Extensions.DependencyInjection.<fd845d3f-5554-448e-8276-c390248dec8b>ServiceProvider.CreateServiceAccessor (Microsoft.Extensions.DependencyInjection.ServiceLookup.<fd845d3f-5554-448e-8276-c390248dec8b>ServiceIdentifier serviceIdentifier) [0x00055] in <2370cefae74842df9eff2bc38df7450a>:0 
  at System.Collections.Concurrent.ConcurrentDictionary`2[TKey,TValue].GetOrAdd (TKey key, System.Func`2[T,TResult] valueFactory) [0x00034] in <1071a2cb0cb3433aae80a793c277a048>:0 
  at Microsoft.Extensions.DependencyInjection.<fd845d3f-5554-448e-8276-c390248dec8b>ServiceProvider.GetService (Microsoft.Extensions.DependencyInjection.ServiceLookup.<fd845d3f-5554-448e-8276-c390248dec8b>ServiceIdentifier serviceIdentifier, Microsoft.Extensions.DependencyInjection.ServiceLookup.<fd845d3f-5554-448e-8276-c390248dec8b>ServiceProviderEngineScope serviceProviderEngineScope) [0x0000d] in <2370cefae74842df9eff2bc38df7450a>:0 
  at Microsoft.Extensions.DependencyInjection.<fd845d3f-5554-448e-8276-c390248dec8b>ServiceProvider.GetService (System.Type serviceType) [0x0000d] in <2370cefae74842df9eff2bc38df7450a>:0 
  at Microsoft.Extensions.DependencyInjection.<03239ec6-c58a-4857-9007-88b5ce2571b7>ServiceProviderServiceExtensions.GetRequiredService (System.IServiceProvider provider, System.Type serviceType) [0x00028] in <2370cefae74842df9eff2bc38df7450a>:0 
  at Microsoft.Extensions.DependencyInjection.<03239ec6-c58a-4857-9007-88b5ce2571b7>ServiceProviderServiceExtensions.GetRequiredService[T] (System.IServiceProvider provider) [0x0000b] in <2370cefae74842df9eff2bc38df7450a>:0 
  at Coplay.DependencyInjection.RootScopeServices..cctor () [0x00019] in <2370cefae74842df9eff2bc38df7450a>:0 
UnityEngine.StackTraceUtility:ExtractStackTrace ()
UnityEngine.DebugLogHandler:LogFormat (UnityEngine.LogType,UnityEngine.Object,string,object[])
UnityEngine.Logger:Log (UnityEngine.LogType,object)
UnityEngine.Debug:LogError (object)
UnityEditor.EditorAssemblies:ProcessInitializeOnLoadAttributes (System.Type[])

Mono: successfully reloaded assembly
- Finished resetting the current domain, in  1.268 seconds
Domain Reload Profiling: 1781ms
	BeginReloadAssembly (140ms)
		ExecutionOrderSort (0ms)
		DisableScriptedObjects (3ms)
		BackupInstance (0ms)
		ReleaseScriptingObjects (0ms)
		CreateAndSetChildDomain (43ms)
	RebuildCommonClasses (28ms)
	RebuildNativeTypeToScriptingClass (9ms)
	initialDomainReloadingComplete (45ms)
	LoadAllAssembliesAndSetupDomain (292ms)
		LoadAssemblies (336ms)
		RebuildTransferFunctionScriptingTraits (0ms)
		AnalyzeDomain (23ms)
			TypeCache.Refresh (9ms)
				TypeCache.ScanAssembly (0ms)
			ScanForSourceGeneratedMonoScriptInfo (0ms)
			ResolveRequiredComponents (11ms)
	FinalizeReload (1268ms)
		ReleaseScriptCaches (0ms)
		RebuildScriptCaches (0ms)
		SetupLoadedEditorAssemblies (721ms)
			LogAssemblyErrors (0ms)
			InitializePlatformSupportModulesInManaged (5ms)
			SetLoadedEditorAssemblies (4ms)
			RefreshPlugins (0ms)
			BeforeProcessingInitializeOnLoad (74ms)
			ProcessInitializeOnLoadAttributes (568ms)
			ProcessInitializeOnLoadMethodAttributes (66ms)
			AfterProcessingInitializeOnLoad (4ms)
			EditorAssembliesLoaded (0ms)
		ExecutionOrderSort2 (0ms)
		AwakeInstancesAfterBackupRestoration (20ms)
Refreshing native plugins compatible for Editor in 3.76 ms, found 4 plugins.
Preloading 0 native plugins for Editor in 0.00 ms.
Unloading 6476 Unused Serialized files (Serialized files now loaded: 0)
Unloading 22 unused Assets / (387.8 KB). Loaded Objects now: 7268.
Memory consumption went from 230.3 MB to 229.9 MB.
Total: 3.460800 ms (FindLiveObjects: 0.399300 ms CreateObjectMapping: 0.211000 ms MarkObjects: 2.761700 ms  DeleteObjects: 0.087900 ms)

Prepare: number of updated asset objects reloaded= 0
AssetImportParameters requested are different than current active one (requested -> active):
  custom:container-demuxer-ogg: 62fdf1f143b41e24485cea50d1cbac27 -> 
  custom:scripting/monoscript/fileName/DuraklatmaMenusu.cs: 6ff4bf62e19c5224a16988dead8dd79f -> 
  custom:framework-win-MediaFoundation: 216162199b28c13a410421893ffa2e32 -> 
  custom:container-muxer-webm: aa71ff27fc2769a1b78a27578f13a17b -> 
  custom:video-decoder-webm-vp8: 9c59270c3fd7afecdb556c50c9e8de78 -> 
  custom:SearchIndexIgnoredProperties: e643bd26f0fe6173181afceb89e7c659 -> 
  custom:AudioImporter_EditorPlatform: d09bf68614088b80899f8185d706f6e7 -> 
  custom:audio-decoder-ogg-vorbis: bf7c407c2cedff20999df2af8eb42d56 -> 
  custom:audio-encoder-webm-vorbis: bf7c407c2cedff20999df2af8eb42d56 -> 
  custom:scripting/precompiled-assembly-types:Assembly-CSharp: 10955337a17f4c38e199d634f4978e6d -> 81073f5cb8e3c9d499357fa91050c08b
  custom:video-codec-MediaFoundation-h265: 746d11721c4dcdbdad8f713fa42b33f4 -> 
  custom:video-decoder-ogg-theora: a1e56fd34408186e4bbccfd4996cb3dc -> 
  custom:CustomObjectIndexerAttribute: 72b91833f83ae208fae7752999fa3104 -> 
  custom:container-demuxer-webm: 4f35f7cbe854078d1ac9338744f61a02 -> 
  custom:video-encoder-webm-vp8: eb34c28f22e8b96e1ab97ce403110664 -> 
========================================================================
Received Prepare
Caller must complete domain reload
Begin MonoManager ReloadAssembly
- Loaded All Assemblies, in  0.541 seconds
Native extension for UWP target not found
Native extension for WindowsStandalone target not found
[Package Manager] Server::EnsureServerProcessIsRunning -- launch failed, reason: Unity was launched with the -noUpm command-line argument
[Package Manager] UpmClient::Send -- Unable to send message (not connected to UPM process).
[Package Manager] Cannot connect to Unity Package Manager local server
System.InvalidOperationException: Could not determine the Coplay plugin installation path.
  at Coplay.Services.ApplicationPaths..ctor (System.IO.Abstractions.<bb65ca26-0720-4eb0-b5ec-28e5e773a611>IFileSystem fileSystem, System.String dataPath) [0x001a7] in <2370cefae74842df9eff2bc38df7450a>:0 
  at Coplay.Services.ApplicationPaths..ctor () [0x0000b] in <2370cefae74842df9eff2bc38df7450a>:0 
  at (wrapper managed-to-native) System.Reflection.RuntimeConstructorInfo.InternalInvoke(System.Reflection.RuntimeConstructorInfo,object,object[],System.Exception&)
  at System.Reflection.RuntimeConstructorInfo.InternalInvoke (System.Object obj, System.Object[] parameters, System.Boolean wrapExceptions) [0x0001b] in <1071a2cb0cb3433aae80a793c277a048>:0 
  at System.Reflection.RuntimeConstructorInfo.DoInvoke (System.Object obj, System.Reflection.BindingFlags invokeAttr, System.Reflection.Binder binder, System.Object[] parameters, System.Globalization.CultureInfo culture) [0x00086] in <1071a2cb0cb3433aae80a793c277a048>:0 
  at System.Reflection.RuntimeConstructorInfo.Invoke (System.Reflection.BindingFlags invokeAttr, System.Reflection.Binder binder, System.Object[] parameters, System.Globalization.CultureInfo culture) [0x00000] in <1071a2cb0cb3433aae80a793c277a048>:0 
  at Microsoft.Extensions.DependencyInjection.ServiceLookup.<fd845d3f-5554-448e-8276-c390248dec8b>CallSiteRuntimeResolver.VisitConstructor (Microsoft.Extensions.DependencyInjection.ServiceLookup.<fd845d3f-5554-448e-8276-c390248dec8b>ConstructorCallSite constructorCallSite, Microsoft.Extensions.DependencyInjection.ServiceLookup.<fd845d3f-5554-448e-8276-c390248dec8b>RuntimeResolverContext context) [0x00045] in <2370cefae74842df9eff2bc38df7450a>:0 
  at Microsoft.Extensions.DependencyInjection.ServiceLookup.<fd845d3f-5554-448e-8276-c390248dec8b>CallSiteVisitor`2[TArgument,TResult].VisitCallSiteMain (Microsoft.Extensions.DependencyInjection.ServiceLookup.<fd845d3f-5554-448e-8276-c390248dec8b>ServiceCallSite callSite, TArgument argument) [0x0003f] in <2370cefae74842df9eff2bc38df7450a>:0 
  at Microsoft.Extensions.DependencyInjection.ServiceLookup.<fd845d3f-5554-448e-8276-c390248dec8b>CallSiteRuntimeResolver.VisitRootCache (Microsoft.Extensions.DependencyInjection.ServiceLookup.<fd845d3f-5554-448e-8276-c390248dec8b>ServiceCallSite callSite, Microsoft.Extensions.DependencyInjection.ServiceLookup.<fd845d3f-5554-448e-8276-c390248dec8b>RuntimeResolverContext context) [0x00061] in <2370cefae74842df9eff2bc38df7450a>:0 
  at Microsoft.Extensions.DependencyInjection.ServiceLookup.<fd845d3f-5554-448e-8276-c390248dec8b>CallSiteVisitor`2[TArgument,TResult].VisitCallSite (Microsoft.Extensions.DependencyInjection.ServiceLookup.<fd845d3f-5554-448e-8276-c390248dec8b>ServiceCallSite callSite, TArgument argument) [0x0004f] in <2370cefae74842df9eff2bc38df7450a>:0 
  at Microsoft.Extensions.DependencyInjection.ServiceLookup.<fd845d3f-5554-448e-8276-c390248dec8b>CallSiteRuntimeResolver.Resolve (Microsoft.Extensions.DependencyInjection.ServiceLookup.<fd845d3f-5554-448e-8276-c390248dec8b>ServiceCallSite callSite, Microsoft.Extensions.DependencyInjection.ServiceLookup.<fd845d3f-5554-448e-8276-c390248dec8b>ServiceProviderEngineScope scope) [0x00026] in <2370cefae74842df9eff2bc38df7450a>:0 
  at Microsoft.Extensions.DependencyInjection.<fd845d3f-5554-448e-8276-c390248dec8b>ServiceProvider.CreateServiceAccessor (Microsoft.Extensions.DependencyInjection.ServiceLookup.<fd845d3f-5554-448e-8276-c390248dec8b>ServiceIdentifier serviceIdentifier) [0x00055] in <2370cefae74842df9eff2bc38df7450a>:0 
  at System.Collections.Concurrent.ConcurrentDictionary`2[TKey,TValue].GetOrAdd (TKey key, System.Func`2[T,TResult] valueFactory) [0x00034] in <1071a2cb0cb3433aae80a793c277a048>:0 
  at Microsoft.Extensions.DependencyInjection.<fd845d3f-5554-448e-8276-c390248dec8b>ServiceProvider.GetService (Microsoft.Extensions.DependencyInjection.ServiceLookup.<fd845d3f-5554-448e-8276-c390248dec8b>ServiceIdentifier serviceIdentifier, Microsoft.Extensions.DependencyInjection.ServiceLookup.<fd845d3f-5554-448e-8276-c390248dec8b>ServiceProviderEngineScope serviceProviderEngineScope) [0x0000d] in <2370cefae74842df9eff2bc38df7450a>:0 
  at Microsoft.Extensions.DependencyInjection.ServiceLookup.<fd845d3f-5554-448e-8276-c390248dec8b>ServiceProviderEngineScope.GetService (System.Type serviceType) [0x00019] in <2370cefae74842df9eff2bc38df7450a>:0 
  at Microsoft.Extensions.DependencyInjection.<03239ec6-c58a-4857-9007-88b5ce2571b7>ServiceProviderServiceExtensions.GetRequiredService (System.IServiceProvider provider, System.Type serviceType) [0x00028] in <2370cefae74842df9eff2bc38df7450a>:0 
  at Microsoft.Extensions.DependencyInjection.<03239ec6-c58a-4857-9007-88b5ce2571b7>ServiceProviderServiceExtensions.GetRequiredService[T] (System.IServiceProvider provider) [0x0000b] in <2370cefae74842df9eff2bc38df7450a>:0 
  at Coplay.Common.Logging.CoplayLoggerConfiguration+<>c__DisplayClass0_0.<AddCoplayLogging>b__0 (System.IServiceProvider provider, Serilog.<a4b2d26e-ac3b-4054-9a6c-5e3ce9a96c0b>LoggerConfiguration configuration) [0x00006] in <2370cefae74842df9eff2bc38df7450a>:0 
  at Serilog.<bd0e39ce-cb78-4e01-b06d-080935c10262>SerilogServiceCollectionExtensions+<>c__DisplayClass3_0.<AddSerilog>b__0 (System.IServiceProvider services) [0x00063] in <2370cefae74842df9eff2bc38df7450a>:0 
  at Microsoft.Extensions.DependencyInjection.ServiceLookup.<fd845d3f-5554-448e-8276-c390248dec8b>CallSiteRuntimeResolver.VisitFactory (Microsoft.Extensions.DependencyInjection.ServiceLookup.<fd845d3f-5554-448e-8276-c390248dec8b>FactoryCallSite factoryCallSite, Microsoft.Extensions.DependencyInjection.ServiceLookup.<fd845d3f-5554-448e-8276-c390248dec8b>RuntimeResolverContext context) [0x0000d] in <2370cefae74842df9eff2bc38df7450a>:0 
  at Microsoft.Extensions.DependencyInjection.ServiceLookup.<fd845d3f-5554-448e-8276-c390248dec8b>CallSiteVisitor`2[TArgument,TResult].VisitCallSiteMain (Microsoft.Extensions.DependencyInjection.ServiceLookup.<fd845d3f-5554-448e-8276-c390248dec8b>ServiceCallSite callSite, TArgument argument) [0x00023] in <2370cefae74842df9eff2bc38df7450a>:0 
  at Microsoft.Extensions.DependencyInjection.ServiceLookup.<fd845d3f-5554-448e-8276-c390248dec8b>CallSiteRuntimeResolver.VisitRootCache (Microsoft.Extensions.DependencyInjection.ServiceLookup.<fd845d3f-5554-448e-8276-c390248dec8b>ServiceCallSite callSite, Microsoft.Extensions.DependencyInjection.ServiceLookup.<fd845d3f-5554-448e-8276-c390248dec8b>RuntimeResolverContext context) [0x00061] in <2370cefae74842df9eff2bc38df7450a>:0 
  at Microsoft.Extensions.DependencyInjection.ServiceLookup.<fd845d3f-5554-448e-8276-c390248dec8b>CallSiteVisitor`2[TArgument,TResult].VisitCallSite (Microsoft.Extensions.DependencyInjection.ServiceLookup.<fd845d3f-5554-448e-8276-c390248dec8b>ServiceCallSite callSite, TArgument argument) [0x0004f] in <2370cefae74842df9eff2bc38df7450a>:0 
  at Microsoft.Extensions.DependencyInjection.ServiceLookup.<fd845d3f-5554-448e-8276-c390248dec8b>CallSiteRuntimeResolver.Resolve (Microsoft.Extensions.DependencyInjection.ServiceLookup.<fd845d3f-5554-448e-8276-c390248dec8b>ServiceCallSite callSite, Microsoft.Extensions.DependencyInjection.ServiceLookup.<fd845d3f-5554-448e-8276-c390248dec8b>ServiceProviderEngineScope scope) [0x00026] in <2370cefae74842df9eff2bc38df7450a>:0 
  at Microsoft.Extensions.DependencyInjection.<fd845d3f-5554-448e-8276-c390248dec8b>ServiceProvider.CreateServiceAccessor (Microsoft.Extensions.DependencyInjection.ServiceLookup.<fd845d3f-5554-448e-8276-c390248dec8b>ServiceIdentifier serviceIdentifier) [0x00055] in <2370cefae74842df9eff2bc38df7450a>:0 
  at System.Collections.Concurrent.ConcurrentDictionary`2[TKey,TValue].GetOrAdd (TKey key, System.Func`2[T,TResult] valueFactory) [0x00034] in <1071a2cb0cb3433aae80a793c277a048>:0 
  at Microsoft.Extensions.DependencyInjection.<fd845d3f-5554-448e-8276-c390248dec8b>ServiceProvider.GetService (Microsoft.Extensions.DependencyInjection.ServiceLookup.<fd845d3f-5554-448e-8276-c390248dec8b>ServiceIdentifier serviceIdentifier, Microsoft.Extensions.DependencyInjection.ServiceLookup.<fd845d3f-5554-448e-8276-c390248dec8b>ServiceProviderEngineScope serviceProviderEngineScope) [0x0000d] in <2370cefae74842df9eff2bc38df7450a>:0 
  at Microsoft.Extensions.DependencyInjection.ServiceLookup.<fd845d3f-5554-448e-8276-c390248dec8b>ServiceProviderEngineScope.GetService (System.Type serviceType) [0x00019] in <2370cefae74842df9eff2bc38df7450a>:0 
  at Microsoft.Extensions.DependencyInjection.<03239ec6-c58a-4857-9007-88b5ce2571b7>ServiceProviderServiceExtensions.GetRequiredService (System.IServiceProvider provider, System.Type serviceType) [0x00028] in <2370cefae74842df9eff2bc38df7450a>:0 
  at Microsoft.Extensions.DependencyInjection.<03239ec6-c58a-4857-9007-88b5ce2571b7>ServiceProviderServiceExtensions.GetRequiredService[T] (System.IServiceProvider provider) [0x0000b] in <2370cefae74842df9eff2bc38df7450a>:0 
  at Serilog.<bd0e39ce-cb78-4e01-b06d-080935c10262>SerilogServiceCollectionExtensions+<>c__DisplayClass3_0.<AddSerilog>b__2 (System.IServiceProvider services) [0x00000] in <2370cefae74842df9eff2bc38df7450a>:0 
  at Microsoft.Extensions.DependencyInjection.ServiceLookup.<fd845d3f-5554-448e-8276-c390248dec8b>CallSiteRuntimeResolver.VisitFactory (Microsoft.Extensions.DependencyInjection.ServiceLookup.<fd845d3f-5554-448e-8276-c390248dec8b>FactoryCallSite factoryCallSite, Microsoft.Extensions.DependencyInjection.ServiceLookup.<fd845d3f-5554-448e-8276-c390248dec8b>RuntimeResolverContext context) [0x0000d] in <2370cefae74842df9eff2bc38df7450a>:0 
  at Microsoft.Extensions.DependencyInjection.ServiceLookup.<fd845d3f-5554-448e-8276-c390248dec8b>CallSiteVisitor`2[TArgument,TResult].VisitCallSiteMain (Microsoft.Extensions.DependencyInjection.ServiceLookup.<fd845d3f-5554-448e-8276-c390248dec8b>ServiceCallSite callSite, TArgument argument) [0x00023] in <2370cefae74842df9eff2bc38df7450a>:0 
  at Microsoft.Extensions.DependencyInjection.ServiceLookup.<fd845d3f-5554-448e-8276-c390248dec8b>CallSiteRuntimeResolver.VisitRootCache (Microsoft.Extensions.DependencyInjection.ServiceLookup.<fd845d3f-5554-448e-8276-c390248dec8b>ServiceCallSite callSite, Microsoft.Extensions.DependencyInjection.ServiceLookup.<fd845d3f-5554-448e-8276-c390248dec8b>RuntimeResolverContext context) [0x00061] in <2370cefae74842df9eff2bc38df7450a>:0 
  at Microsoft.Extensions.DependencyInjection.ServiceLookup.<fd845d3f-5554-448e-8276-c390248dec8b>CallSiteVisitor`2[TArgument,TResult].VisitCallSite (Microsoft.Extensions.DependencyInjection.ServiceLookup.<fd845d3f-5554-448e-8276-c390248dec8b>ServiceCallSite callSite, TArgument argument) [0x0004f] in <2370cefae74842df9eff2bc38df7450a>:0 
  at Microsoft.Extensions.DependencyInjection.ServiceLookup.<fd845d3f-5554-448e-8276-c390248dec8b>CallSiteRuntimeResolver.VisitConstructor (Microsoft.Extensions.DependencyInjection.ServiceLookup.<fd845d3f-5554-448e-8276-c390248dec8b>ConstructorCallSite constructorCallSite, Microsoft.Extensions.DependencyInjection.ServiceLookup.<fd845d3f-5554-448e-8276-c390248dec8b>RuntimeResolverContext context) [0x0002c] in <2370cefae74842df9eff2bc38df7450a>:0 
  at Microsoft.Extensions.DependencyInjection.ServiceLookup.<fd845d3f-5554-448e-8276-c390248dec8b>CallSiteVisitor`2[TArgument,TResult].VisitCallSiteMain (Microsoft.Extensions.DependencyInjection.ServiceLookup.<fd845d3f-5554-448e-8276-c390248dec8b>ServiceCallSite callSite, TArgument argument) [0x0003f] in <2370cefae74842df9eff2bc38df7450a>:0 
  at Microsoft.Extensions.DependencyInjection.ServiceLookup.<fd845d3f-5554-448e-8276-c390248dec8b>CallSiteRuntimeResolver.VisitRootCache (Microsoft.Extensions.DependencyInjection.ServiceLookup.<fd845d3f-5554-448e-8276-c390248dec8b>ServiceCallSite callSite, Microsoft.Extensions.DependencyInjection.ServiceLookup.<fd845d3f-5554-448e-8276-c390248dec8b>RuntimeResolverContext context) [0x00061] in <2370cefae74842df9eff2bc38df7450a>:0 
  at Microsoft.Extensions.DependencyInjection.ServiceLookup.<fd845d3f-5554-448e-8276-c390248dec8b>CallSiteVisitor`2[TArgument,TResult].VisitCallSite (Microsoft.Extensions.DependencyInjection.ServiceLookup.<fd845d3f-5554-448e-8276-c390248dec8b>ServiceCallSite callSite, TArgument argument) [0x0004f] in <2370cefae74842df9eff2bc38df7450a>:0 
  at Microsoft.Extensions.DependencyInjection.ServiceLookup.<fd845d3f-5554-448e-8276-c390248dec8b>CallSiteRuntimeResolver.Resolve (Microsoft.Extensions.DependencyInjection.ServiceLookup.<fd845d3f-5554-448e-8276-c390248dec8b>ServiceCallSite callSite, Microsoft.Extensions.DependencyInjection.ServiceLookup.<fd845d3f-5554-448e-8276-c390248dec8b>ServiceProviderEngineScope scope) [0x00026] in <2370cefae74842df9eff2bc38df7450a>:0 
  at Microsoft.Extensions.DependencyInjection.<fd845d3f-5554-448e-8276-c390248dec8b>ServiceProvider.CreateServiceAccessor (Microsoft.Extensions.DependencyInjection.ServiceLookup.<fd845d3f-5554-448e-8276-c390248dec8b>ServiceIdentifier serviceIdentifier) [0x00055] in <2370cefae74842df9eff2bc38df7450a>:0 
  at System.Collections.Concurrent.ConcurrentDictionary`2[TKey,TValue].GetOrAdd (TKey key, System.Func`2[T,TResult] valueFactory) [0x00034] in <1071a2cb0cb3433aae80a793c277a048>:0 
  at Microsoft.Extensions.DependencyInjection.<fd845d3f-5554-448e-8276-c390248dec8b>ServiceProvider.GetService (Microsoft.Extensions.DependencyInjection.ServiceLookup.<fd845d3f-5554-448e-8276-c390248dec8b>ServiceIdentifier serviceIdentifier, Microsoft.Extensions.DependencyInjection.ServiceLookup.<fd845d3f-5554-448e-8276-c390248dec8b>ServiceProviderEngineScope serviceProviderEngineScope) [0x0000d] in <2370cefae74842df9eff2bc38df7450a>:0 
  at Microsoft.Extensions.DependencyInjection.<fd845d3f-5554-448e-8276-c390248dec8b>ServiceProvider.GetService (System.Type serviceType) [0x0000d] in <2370cefae74842df9eff2bc38df7450a>:0 
  at Microsoft.Extensions.DependencyInjection.<03239ec6-c58a-4857-9007-88b5ce2571b7>ServiceProviderServiceExtensions.GetRequiredService (System.IServiceProvider provider, System.Type serviceType) [0x00028] in <2370cefae74842df9eff2bc38df7450a>:0 
  at Microsoft.Extensions.DependencyInjection.<03239ec6-c58a-4857-9007-88b5ce2571b7>ServiceProviderServiceExtensions.GetRequiredService[T] (System.IServiceProvider provider) [0x0000b] in <2370cefae74842df9eff2bc38df7450a>:0 
  at Coplay.DependencyInjection.RootScopeServices..cctor () [0x00019] in <2370cefae74842df9eff2bc38df7450a>:0 
UnityEngine.StackTraceUtility:ExtractStackTrace ()
UnityEngine.DebugLogHandler:LogFormat (UnityEngine.LogType,UnityEngine.Object,string,object[])
UnityEngine.Logger:Log (UnityEngine.LogType,object)
UnityEngine.Debug:LogError (object)
UnityEditor.EditorAssemblies:ProcessInitializeOnLoadAttributes (System.Type[])

Mono: successfully reloaded assembly
- Finished resetting the current domain, in  1.375 seconds
Domain Reload Profiling: 1912ms
	BeginReloadAssembly (160ms)
		ExecutionOrderSort (0ms)
		DisableScriptedObjects (3ms)
		BackupInstance (0ms)
		ReleaseScriptingObjects (0ms)
		CreateAndSetChildDomain (57ms)
	RebuildCommonClasses (27ms)
	RebuildNativeTypeToScriptingClass (8ms)
	initialDomainReloadingComplete (43ms)
	LoadAllAssembliesAndSetupDomain (299ms)
		LoadAssemblies (340ms)
		RebuildTransferFunctionScriptingTraits (0ms)
		AnalyzeDomain (28ms)
			TypeCache.Refresh (9ms)
				TypeCache.ScanAssembly (0ms)
			ScanForSourceGeneratedMonoScriptInfo (0ms)
			ResolveRequiredComponents (15ms)
	FinalizeReload (1375ms)
		ReleaseScriptCaches (0ms)
		RebuildScriptCaches (0ms)
		SetupLoadedEditorAssemblies (756ms)
			LogAssemblyErrors (0ms)
			InitializePlatformSupportModulesInManaged (5ms)
			SetLoadedEditorAssemblies (3ms)
			RefreshPlugins (0ms)
			BeforeProcessingInitializeOnLoad (81ms)
			ProcessInitializeOnLoadAttributes (603ms)
			ProcessInitializeOnLoadMethodAttributes (59ms)
			AfterProcessingInitializeOnLoad (4ms)
			EditorAssembliesLoaded (0ms)
		ExecutionOrderSort2 (0ms)
		AwakeInstancesAfterBackupRestoration (22ms)
Refreshing native plugins compatible for Editor in 3.77 ms, found 4 plugins.
Preloading 0 native plugins for Editor in 0.00 ms.
Unloading 6476 Unused Serialized files (Serialized files now loaded: 0)
Unloading 22 unused Assets / (387.9 KB). Loaded Objects now: 7288.
Memory consumption went from 230.3 MB to 230.0 MB.
Total: 3.786600 ms (FindLiveObjects: 0.400200 ms CreateObjectMapping: 0.220600 ms MarkObjects: 3.049700 ms  DeleteObjects: 0.114900 ms)

Prepare: number of updated asset objects reloaded= 0
AssetImportParameters requested are different than current active one (requested -> active):
  custom:container-demuxer-ogg: 62fdf1f143b41e24485cea50d1cbac27 -> 
  custom:scripting/monoscript/fileName/DuraklatmaMenusu.cs: 6ff4bf62e19c5224a16988dead8dd79f -> 
  custom:framework-win-MediaFoundation: 216162199b28c13a410421893ffa2e32 -> 
  custom:container-muxer-webm: aa71ff27fc2769a1b78a27578f13a17b -> 
  custom:video-decoder-webm-vp8: 9c59270c3fd7afecdb556c50c9e8de78 -> 
  custom:SearchIndexIgnoredProperties: e643bd26f0fe6173181afceb89e7c659 -> 
  custom:AudioImporter_EditorPlatform: d09bf68614088b80899f8185d706f6e7 -> 
  custom:audio-decoder-ogg-vorbis: bf7c407c2cedff20999df2af8eb42d56 -> 
  custom:audio-encoder-webm-vorbis: bf7c407c2cedff20999df2af8eb42d56 -> 
  custom:scripting/precompiled-assembly-types:Assembly-CSharp: 10955337a17f4c38e199d634f4978e6d -> 81073f5cb8e3c9d499357fa91050c08b
  custom:video-codec-MediaFoundation-h265: 746d11721c4dcdbdad8f713fa42b33f4 -> 
  custom:video-decoder-ogg-theora: a1e56fd34408186e4bbccfd4996cb3dc -> 
  custom:CustomObjectIndexerAttribute: 72b91833f83ae208fae7752999fa3104 -> 
  custom:container-demuxer-webm: 4f35f7cbe854078d1ac9338744f61a02 -> 
  custom:video-encoder-webm-vp8: eb34c28f22e8b96e1ab97ce403110664 -> 
